latitude,longitude,path,row,scan,track,acq_date,acq_time,satellite,confidence,daynight
40.874297,-75.32868,015,031,5664,7242,2023-10-10,1545,L8,M,D
40.874566,-75.329038,015,031,5663,7241,2023-10-10,1545,L8,H,D
40.874567,-75.328682,015,031,5664,7241,2023-10-10,1545,L8,H,D
40.956551,-75.458489,015,031,5301,6936,2023-10-10,1545,L8,H,D
41.083668,-76.799409,015,031,1549,6417,2023-10-10,1545,L8,H,D
41.083673,-76.799052,015,031,1550,6417,2023-10-10,1545,L8,H,D
41.137734,-75.554117,015,031,5037,6264,2023-10-10,1545,L8,H,D
41.138005,-75.554119,015,031,5037,6263,2023-10-10,1545,L8,H,D
41.139755,-76.824176,015,031,1484,6208,2023-10-10,1545,L8,H,D
41.13976,-76.823819,015,031,1485,6208,2023-10-10,1545,L8,H,D
41.140025,-76.824183,015,031,1484,6207,2023-10-10,1545,L8,H,D
41.357255,-75.6876,015,031,4670,5449,2023-10-10,1545,L8,H,D
41.391291,-75.986511,015,031,3838,5315,2023-10-10,1545,L8,M,D
41.435577,-75.598655,015,031,4920,5161,2023-10-10,1545,L8,H,D
37.916337,-76.472764,015,033,5022,7642,2023-10-10,1546,L8,H,D
38.018325,-76.531534,015,033,4856,7262,2023-10-10,1546,L8,L,D
38.094939,-77.289837,015,033,2644,6933,2023-10-10,1546,L8,H,D
38.161463,-76.391734,015,033,5273,6739,2023-10-10,1546,L8,L,D
38.161467,-76.391392,015,033,5274,6739,2023-10-10,1546,L8,H,D
38.179253,-77.662669,015,033,1563,6592,2023-10-10,1546,L8,H,D
38.179524,-77.662678,015,033,1563,6591,2023-10-10,1546,L8,H,D
38.179794,-77.662688,015,033,1563,6590,2023-10-10,1546,L8,L,D
38.222893,-77.020044,015,033,3443,6478,2023-10-10,1546,L8,L,D
38.272976,-77.309136,015,033,2604,6273,2023-10-10,1546,L8,L,D
38.310413,-75.99483,015,033,6438,6203,2023-10-10,1546,L8,H,D
38.310416,-75.994487,015,033,6439,6203,2023-10-10,1546,L8,H,D
38.310683,-75.994834,015,033,6438,6202,2023-10-10,1546,L8,L,D
38.310686,-75.994491,015,033,6439,6202,2023-10-10,1546,L8,L,D
38.39211,-77.535142,015,033,1957,5815,2023-10-10,1546,L8,H,D
38.39238,-77.535151,015,033,1957,5814,2023-10-10,1546,L8,M,D
38.439182,-77.872896,015,033,979,5612,2023-10-10,1546,L8,L,D
38.439452,-77.872907,015,033,979,5611,2023-10-10,1546,L8,H,D
38.480679,-76.703944,015,033,4383,5543,2023-10-10,1546,L8,L,D
38.4847,-77.933849,015,033,807,5438,2023-10-10,1546,L8,L,D
38.484709,-77.933506,015,033,808,5438,2023-10-10,1546,L8,L,D
38.48497,-77.93386,015,033,807,5437,2023-10-10,1546,L8,H,D
38.484979,-77.933517,015,033,808,5437,2023-10-10,1546,L8,H,D
38.484987,-77.933173,015,033,809,5437,2023-10-10,1546,L8,H,D
38.48524,-77.933871,015,033,807,5436,2023-10-10,1546,L8,L,D
38.485258,-77.933184,015,033,809,5436,2023-10-10,1546,L8,H,D
38.524728,-77.856341,015,033,1037,5297,2023-10-10,1546,L8,L,D
38.666941,-76.962471,015,033,3646,4839,2023-10-10,1546,L8,H,D
38.667205,-76.962823,015,033,3645,4838,2023-10-10,1546,L8,H,D
38.667211,-76.962478,015,033,3646,4838,2023-10-10,1546,L8,H,D
38.667481,-76.962486,015,033,3646,4837,2023-10-10,1546,L8,H,D
38.692588,-77.855767,015,033,1058,4676,2023-10-10,1546,L8,L,D
38.711166,-77.913424,015,033,893,4602,2023-10-10,1546,L8,H,D
38.785253,-77.529328,015,033,2014,4361,2023-10-10,1546,L8,H,D
38.813733,-76.684903,015,033,4461,4312,2023-10-10,1546,L8,L,D
38.840566,-76.858357,015,033,3961,4203,2023-10-10,1546,L8,L,D
38.847956,-76.783192,015,033,4179,4180,2023-10-10,1546,L8,M,D
38.848226,-76.783198,015,033,4179,4179,2023-10-10,1546,L8,H,D
38.861807,-75.759044,015,033,7142,4170,2023-10-10,1546,L8,L,D
38.862349,-75.758704,015,033,7143,4168,2023-10-10,1546,L8,L,D
38.935326,-77.058795,015,033,3389,3840,2023-10-10,1546,L8,H,D
38.967075,-76.973498,015,033,3638,3728,2023-10-10,1546,L8,L,D
39.010891,-77.155221,015,033,3117,3554,2023-10-10,1546,L8,H,D
39.028687,-77.643329,015,033,1710,3451,2023-10-10,1546,L8,H,D
39.028949,-77.643685,015,033,1709,3450,2023-10-10,1546,L8,L,D
39.028957,-77.643339,015,033,1710,3450,2023-10-10,1546,L8,H,D
39.043487,-77.586,015,033,1877,3401,2023-10-10,1546,L8,H,D
39.047255,-77.728939,015,033,1465,3375,2023-10-10,1546,L8,H,D
39.133189,-77.729479,015,033,1473,3057,2023-10-10,1546,L8,H,D
39.204296,-77.681862,015,033,1618,2798,2023-10-10,1546,L8,L,D
39.204566,-77.681872,015,033,1618,2797,2023-10-10,1546,L8,H,D
39.204836,-77.681882,015,033,1618,2796,2023-10-10,1546,L8,L,D
39.207939,-77.455495,015,033,2270,2803,2023-10-10,1546,L8,M,D
39.208209,-77.455504,015,033,2270,2802,2023-10-10,1546,L8,H,D
39.208216,-77.455157,015,033,2271,2802,2023-10-10,1546,L8,H,D
39.208486,-77.455166,015,033,2271,2801,2023-10-10,1546,L8,M,D
39.236098,-76.749184,015,033,4305,2746,2023-10-10,1546,L8,H,D
39.266491,-76.570162,015,033,4822,2643,2023-10-10,1546,L8,H,D
39.268205,-77.688122,015,033,1607,2561,2023-10-10,1546,L8,L,D
39.278135,-77.583831,015,033,1908,2533,2023-10-10,1546,L8,M,D
39.290125,-76.601301,015,033,4734,2554,2023-10-10,1546,L8,H,D
39.290129,-76.600953,015,033,4735,2554,2023-10-10,1546,L8,H,D
39.609178,-76.405599,015,032,3935,6633,2023-10-10,1546,L8,H,D
39.609178,-76.405599,015,033,5315,1383,2023-10-10,1546,L8,H,D
39.654441,-76.201952,015,033,5900,1224,2023-10-10,1546,L8,H,D
39.654441,-76.201952,015,032,4520,6474,2023-10-10,1546,L8,H,D
39.655629,-76.431017,015,033,5245,1210,2023-10-10,1546,L8,L,D
39.655629,-76.431017,015,032,3865,6460,2023-10-10,1546,L8,H,D
39.655895,-76.431372,015,033,5244,1209,2023-10-10,1546,L8,H,D
39.655895,-76.431372,015,032,3864,6459,2023-10-10,1546,L8,H,D
39.655899,-76.431023,015,032,3865,6459,2023-10-10,1546,L8,H,D
39.655899,-76.431023,015,033,5245,1209,2023-10-10,1546,L8,H,D
39.655903,-76.430673,015,033,5246,1209,2023-10-10,1546,L8,L,D
39.655903,-76.430673,015,032,3866,6459,2023-10-10,1546,L8,L,D
39.656165,-76.431378,015,033,5244,1208,2023-10-10,1546,L8,L,D
39.656165,-76.431378,015,032,3864,6458,2023-10-10,1546,L8,L,D
39.656169,-76.431028,015,033,5245,1208,2023-10-10,1546,L8,H,D
39.656169,-76.431028,015,032,3865,6458,2023-10-10,1546,L8,H,D
39.656173,-76.430679,015,032,3866,6458,2023-10-10,1546,L8,M,D
39.656173,-76.430679,015,033,5246,1208,2023-10-10,1546,L8,M,D
39.660676,-76.061474,015,032,4922,6456,2023-10-10,1546,L8,H,D
39.672376,-77.345614,015,032,1251,6343,2023-10-10,1546,L8,M,D
39.672376,-77.345614,015,033,2631,1093,2023-10-10,1546,L8,M,D
39.673968,-77.347067,015,033,2627,1087,2023-10-10,1546,L8,H,D
39.673968,-77.347067,015,032,1247,6337,2023-10-10,1546,L8,H,D
39.675575,-77.347821,015,033,2625,1081,2023-10-10,1546,L8,M,D
39.675575,-77.347821,015,032,1245,6331,2023-10-10,1546,L8,M,D
39.675838,-77.348179,015,032,1244,6330,2023-10-10,1546,L8,M,D
39.675845,-77.34783,015,033,2625,1080,2023-10-10,1546,L8,M,D
39.675845,-77.34783,015,032,1245,6330,2023-10-10,1546,L8,M,D
39.676108,-77.348188,015,032,1244,6329,2023-10-10,1546,L8,H,D
39.676108,-77.348188,015,033,2624,1079,2023-10-10,1546,L8,H,D
39.676115,-77.347839,015,032,1245,6329,2023-10-10,1546,L8,M,D
39.676115,-77.347839,015,033,2625,1079,2023-10-10,1546,L8,M,D
39.676371,-77.348547,015,033,2623,1078,2023-10-10,1546,L8,L,D
39.676371,-77.348547,015,032,1243,6328,2023-10-10,1546,L8,L,D
39.676378,-77.348198,015,032,1244,6328,2023-10-10,1546,L8,H,D
39.676378,-77.348198,015,033,2624,1078,2023-10-10,1546,L8,H,D
39.676385,-77.347848,015,032,1245,6328,2023-10-10,1546,L8,H,D
39.676385,-77.347848,015,033,2625,1078,2023-10-10,1546,L8,H,D
39.676641,-77.348556,015,032,1243,6327,2023-10-10,1546,L8,L,D
39.676641,-77.348556,015,033,2623,1077,2023-10-10,1546,L8,L,D
39.676648,-77.348207,015,032,1244,6327,2023-10-10,1546,L8,H,D
39.676648,-77.348207,015,033,2624,1077,2023-10-10,1546,L8,H,D
39.676655,-77.347857,015,033,2625,1077,2023-10-10,1546,L8,L,D
39.676655,-77.347857,015,032,1245,6327,2023-10-10,1546,L8,L,D
39.676662,-77.347508,015,033,2626,1077,2023-10-10,1546,L8,L,D
39.676662,-77.347508,015,032,1246,6327,2023-10-10,1546,L8,L,D
39.676911,-77.348565,015,032,1243,6326,2023-10-10,1546,L8,L,D
39.676911,-77.348565,015,033,2623,1076,2023-10-10,1546,L8,L,D
39.676918,-77.348216,015,032,1244,6326,2023-10-10,1546,L8,M,D
39.676918,-77.348216,015,033,2624,1076,2023-10-10,1546,L8,M,D
39.676925,-77.347866,015,032,1245,6326,2023-10-10,1546,L8,H,D
39.676925,-77.347866,015,033,2625,1076,2023-10-10,1546,L8,M,D
39.676932,-77.347517,015,033,2626,1076,2023-10-10,1546,L8,M,D
39.676932,-77.347517,015,032,1246,6326,2023-10-10,1546,L8,M,D
39.677195,-77.347875,015,033,2625,1075,2023-10-10,1546,L8,H,D
39.677195,-77.347875,015,032,1245,6325,2023-10-10,1546,L8,H,D
39.677202,-77.347526,015,033,2626,1075,2023-10-10,1546,L8,H,D
39.677202,-77.347526,015,032,1246,6325,2023-10-10,1546,L8,H,D
39.696405,-76.056073,015,032,4939,6324,2023-10-10,1546,L8,H,D
39.696408,-76.055723,015,032,4940,6324,2023-10-10,1546,L8,H,D
39.696678,-76.055727,015,032,4940,6323,2023-10-10,1546,L8,H,D
39.713589,-77.676647,015,033,1689,914,2023-10-10,1546,L8,H,D
39.713589,-77.676647,015,032,309,6164,2023-10-10,1546,L8,H,D
39.713859,-77.676658,015,032,309,6163,2023-10-10,1546,L8,H,D
39.713859,-77.676658,015,033,1689,913,2023-10-10,1546,L8,H,D
39.721937,-77.258747,015,032,1504,6166,2023-10-10,1546,L8,H,D
39.721937,-77.258747,015,033,2884,916,2023-10-10,1546,L8,H,D
39.740783,-76.86761,015,032,2623,6122,2023-10-10,1546,L8,M,D
39.740783,-76.86761,015,033,4003,872,2023-10-10,1546,L8,M,D
39.745521,-76.176572,015,032,4597,6138,2023-10-10,1546,L8,H,D
39.777699,-77.254264,015,033,2902,710,2023-10-10,1546,L8,L,D
39.777699,-77.254264,015,032,1522,5960,2023-10-10,1546,L8,L,D
39.807795,-76.616752,015,032,3344,5888,2023-10-10,1546,L8,H,D
39.82793,-75.75905,015,032,5792,5846,2023-10-10,1546,L8,H,D
39.828198,-75.759404,015,032,5791,5845,2023-10-10,1546,L8,L,D
39.8282,-75.759053,015,032,5792,5845,2023-10-10,1546,L8,H,D
39.828203,-75.758703,015,032,5793,5845,2023-10-10,1546,L8,H,D
39.837625,-75.722342,015,032,5897,5811,2023-10-10,1546,L8,H,D
39.837631,-75.72129,015,032,5900,5811,2023-10-10,1546,L8,H,D
39.872919,-77.658283,015,033,1759,326,2023-10-10,1546,L8,M,D
39.872919,-77.658283,015,032,379,5576,2023-10-10,1546,L8,L,D
39.963492,-76.596179,015,032,3413,5313,2023-10-10,1546,L8,H,D
39.963762,-76.596185,015,032,3413,5312,2023-10-10,1546,L8,H,D
39.963767,-76.595834,015,032,3414,5312,2023-10-10,1546,L8,H,D
39.964037,-76.59584,015,032,3414,5311,2023-10-10,1546,L8,H,D
39.973638,-76.005173,015,032,5096,5300,2023-10-10,1546,L8,M,D
39.973908,-76.005177,015,032,5096,5299,2023-10-10,1546,L8,H,D
39.988689,-75.583725,015,032,6296,5255,2023-10-10,1546,L8,H,D
40.046195,-75.541661,015,032,6417,5043,2023-10-10,1546,L8,H,D
40.046466,-75.541664,015,032,6417,5042,2023-10-10,1546,L8,H,D
40.067018,-77.583864,015,032,612,4864,2023-10-10,1546,L8,H,D
40.067288,-77.583874,015,032,612,4863,2023-10-10,1546,L8,H,D
40.085469,-75.844245,015,032,5558,4891,2023-10-10,1546,L8,H,D
40.090524,-77.315929,015,032,1376,4798,2023-10-10,1546,L8,L,D
40.090531,-77.315577,015,032,1377,4798,2023-10-10,1546,L8,H,D
40.129594,-76.350419,015,032,4122,4710,2023-10-10,1546,L8,H,D
40.12991,-77.611241,015,032,541,4629,2023-10-10,1546,L8,H,D
40.137849,-76.574194,015,032,3487,4669,2023-10-10,1546,L8,H,D
40.137854,-76.573842,015,032,3488,4669,2023-10-10,1546,L8,H,D
40.137898,-77.506621,015,032,839,4608,2023-10-10,1546,L8,H,D
40.138119,-76.5742,015,032,3487,4668,2023-10-10,1546,L8,H,D
40.138124,-76.573848,015,032,3488,4668,2023-10-10,1546,L8,H,D
40.138168,-77.506631,015,032,839,4607,2023-10-10,1546,L8,H,D
40.138394,-76.573854,015,032,3488,4667,2023-10-10,1546,L8,L,D
40.138438,-77.50664,015,032,839,4606,2023-10-10,1546,L8,L,D
40.174408,-75.913348,015,032,5365,4560,2023-10-10,1546,L8,M,D
40.174411,-75.912996,015,032,5366,4560,2023-10-10,1546,L8,H,D
40.223928,-77.048993,015,032,2146,4323,2023-10-10,1546,L8,M,D
40.229905,-76.837962,015,032,2745,4314,2023-10-10,1546,L8,M,D
40.229984,-77.147198,015,032,1868,4294,2023-10-10,1546,L8,H,D
40.230175,-76.83797,015,032,2745,4313,2023-10-10,1546,L8,M,D
40.23094,-76.840811,015,032,2737,4310,2023-10-10,1546,L8,M,D
40.231205,-76.841171,015,032,2736,4309,2023-10-10,1546,L8,M,D
40.305749,-75.915115,015,032,5365,4074,2023-10-10,1546,L8,H,D
40.31392,-76.005258,015,032,5110,4041,2023-10-10,1546,L8,H,D
40.344064,-76.406257,015,032,3976,3914,2023-10-10,1546,L8,H,D
40.344076,-76.405198,015,032,3979,3914,2023-10-10,1546,L8,H,D
40.358194,-75.722568,015,032,5912,3885,2023-10-10,1546,L8,M,D
40.358462,-75.722925,015,032,5911,3884,2023-10-10,1546,L8,M,D
40.358464,-75.722571,015,032,5912,3884,2023-10-10,1546,L8,M,D
40.361819,-76.223258,015,032,4495,3856,2023-10-10,1546,L8,H,D
40.36649,-76.492936,015,032,3732,3827,2023-10-10,1546,L8,M,D
40.36676,-76.492942,015,032,3732,3826,2023-10-10,1546,L8,H,D
40.398142,-75.772487,015,032,5772,3736,2023-10-10,1546,L8,L,D
40.428233,-76.35107,015,032,4137,3605,2023-10-10,1546,L8,H,D
40.470445,-76.785411,015,032,2912,3427,2023-10-10,1546,L8,L,D
40.489524,-77.15616,015,032,1866,3333,2023-10-10,1546,L8,H,D
40.532538,-75.976993,015,032,5199,3233,2023-10-10,1546,L8,L,D
40.537661,-75.978484,015,032,5195,3214,2023-10-10,1546,L8,H,D
40.640158,-76.620703,015,032,3389,2808,2023-10-10,1546,L8,H,D
40.640428,-76.620709,015,032,3389,2807,2023-10-10,1546,L8,H,D
40.640433,-76.620355,015,032,3390,2807,2023-10-10,1546,L8,L,D
40.646908,-76.984534,015,032,2364,2762,2023-10-10,1546,L8,H,D
40.646914,-76.984179,015,032,2365,2762,2023-10-10,1546,L8,H,D
40.647178,-76.984542,015,032,2364,2761,2023-10-10,1546,L8,L,D
40.647184,-76.984187,015,032,2365,2761,2023-10-10,1546,L8,H,D
40.670052,-76.37901,015,032,4072,2709,2023-10-10,1546,L8,H,D
40.670057,-76.378655,015,032,4073,2709,2023-10-10,1546,L8,M,D
40.670318,-76.379371,015,032,4071,2708,2023-10-10,1546,L8,M,D
40.670323,-76.379016,015,032,4072,2708,2023-10-10,1546,L8,H,D
40.670327,-76.378661,015,032,4073,2708,2023-10-10,1546,L8,H,D
40.679549,-76.924093,015,032,2537,2645,2023-10-10,1546,L8,H,D
40.68064,-75.977022,015,032,5205,2685,2023-10-10,1546,L8,L,D
40.74846,-75.457412,015,032,6670,2446,2023-10-10,1546,L8,M,D
40.748731,-75.457414,015,032,6670,2445,2023-10-10,1546,L8,M,D
40.752517,-77.124127,015,032,1980,2362,2023-10-10,1546,L8,H,D
40.752523,-77.123772,015,032,1981,2362,2023-10-10,1546,L8,H,D
40.752787,-77.124136,015,032,1980,2361,2023-10-10,1546,L8,H,D
40.752793,-77.12378,015,032,1981,2361,2023-10-10,1546,L8,H,D
40.7528,-77.123425,015,032,1982,2361,2023-10-10,1546,L8,H,D
40.753057,-77.124144,015,032,1980,2360,2023-10-10,1546,L8,H,D
40.753063,-77.123789,015,032,1981,2360,2023-10-10,1546,L8,H,D
40.790107,-75.799768,015,032,5708,2285,2023-10-10,1546,L8,L,D
40.790374,-75.800127,015,032,5707,2284,2023-10-10,1546,L8,H,D
40.790377,-75.799772,015,032,5708,2284,2023-10-10,1546,L8,L,D
40.874297,-75.32868,015,032,7034,1982,2023-10-10,1546,L8,M,D
40.874566,-75.329038,015,032,7033,1981,2023-10-10,1546,L8,H,D
40.874567,-75.328682,015,032,7034,1981,2023-10-10,1546,L8,H,D
40.88562,-76.244247,015,032,4463,1917,2023-10-10,1546,L8,H,D
40.88589,-76.244252,015,032,4463,1916,2023-10-10,1546,L8,H,D
40.949826,-76.937623,015,032,2521,1644,2023-10-10,1546,L8,H,D
40.949832,-76.937267,015,032,2522,1644,2023-10-10,1546,L8,M,D
40.950096,-76.937631,015,032,2521,1643,2023-10-10,1546,L8,H,D
40.950102,-76.937274,015,032,2522,1643,2023-10-10,1546,L8,H,D
40.956551,-75.458489,015,032,6671,1676,2023-10-10,1546,L8,H,D
41.005483,-76.856138,015,032,2754,1443,2023-10-10,1546,L8,H,D
41.083668,-76.799409,015,032,2919,1157,2023-10-10,1546,L8,H,D
41.083673,-76.799052,015,032,2920,1157,2023-10-10,1546,L8,H,D
41.139755,-76.824176,015,032,2854,948,2023-10-10,1546,L8,H,D
41.13976,-76.823819,015,032,2855,948,2023-10-10,1546,L8,H,D
41.140025,-76.824183,015,032,2854,947,2023-10-10,1546,L8,H,D
33.89563,-78.470209,015,036,2835,6505,2023-10-10,1547,L8,M,D
33.899698,-78.950818,015,036,1353,6523,2023-10-10,1547,L8,L,D
33.932017,-78.425004,015,036,2971,6367,2023-10-10,1547,L8,H,D
33.932288,-78.424996,015,036,2971,6366,2023-10-10,1547,L8,H,D
33.999398,-78.300549,015,036,3348,6108,2023-10-10,1547,L8,H,D
33.999405,-78.300874,015,036,3347,6108,2023-10-10,1547,L8,H,D
34.130462,-77.874603,015,036,4645,5586,2023-10-10,1547,L8,L,D
34.157149,-79.012623,015,036,1144,5575,2023-10-10,1547,L8,H,D
34.184603,-78.143013,015,036,3814,5410,2023-10-10,1547,L8,H,D
34.184611,-78.143338,015,036,3813,5410,2023-10-10,1547,L8,H,D
34.194759,-78.103291,015,036,3935,5369,2023-10-10,1547,L8,M,D
34.195029,-78.103281,015,036,3935,5368,2023-10-10,1547,L8,H,D
34.218315,-78.981556,015,036,1235,5347,2023-10-10,1547,L8,H,D
34.218433,-78.988717,015,036,1213,5347,2023-10-10,1547,L8,H,D
34.218586,-78.981549,015,036,1235,5346,2023-10-10,1547,L8,H,D
34.218704,-78.98871,015,036,1213,5346,2023-10-10,1547,L8,L,D
34.254669,-78.019167,015,036,4187,5140,2023-10-10,1547,L8,H,D
34.254677,-78.019492,015,036,4186,5140,2023-10-10,1547,L8,H,D
34.254939,-78.019157,015,036,4187,5139,2023-10-10,1547,L8,H,D
34.254947,-78.019483,015,036,4186,5139,2023-10-10,1547,L8,H,D
34.256313,-78.098901,015,036,3942,5141,2023-10-10,1547,L8,H,D
34.256321,-78.099226,015,036,3941,5141,2023-10-10,1547,L8,M,D
34.256583,-78.098892,015,036,3942,5140,2023-10-10,1547,L8,M,D
34.337923,-78.904022,015,036,1464,4900,2023-10-10,1547,L8,H,D
34.338193,-78.904015,015,036,1464,4899,2023-10-10,1547,L8,H,D
34.376884,-78.737657,015,036,1971,4745,2023-10-10,1547,L8,H,D
34.384672,-77.79212,015,036,4869,4638,2023-10-10,1547,L8,H,D
34.384681,-77.792446,015,036,4868,4638,2023-10-10,1547,L8,H,D
34.384942,-77.792109,015,036,4869,4637,2023-10-10,1547,L8,M,D
34.384951,-77.792435,015,036,4868,4637,2023-10-10,1547,L8,H,D
34.385212,-77.792099,015,036,4869,4636,2023-10-10,1547,L8,H,D
34.385221,-77.792425,015,036,4868,4636,2023-10-10,1547,L8,H,D
34.385397,-77.788831,015,036,4879,4635,2023-10-10,1547,L8,H,D
34.385405,-77.789156,015,036,4878,4635,2023-10-10,1547,L8,H,D
34.385667,-77.78882,015,036,4879,4634,2023-10-10,1547,L8,H,D
34.385676,-77.789146,015,036,4878,4634,2023-10-10,1547,L8,H,D
34.386799,-77.790734,015,036,4873,4630,2023-10-10,1547,L8,H,D
34.38706,-77.790398,015,036,4874,4629,2023-10-10,1547,L8,H,D
34.387069,-77.790724,015,036,4873,4629,2023-10-10,1547,L8,H,D
34.47184,-78.386321,015,036,3039,4368,2023-10-10,1547,L8,H,D
34.471847,-78.386648,015,036,3038,4368,2023-10-10,1547,L8,H,D
34.47211,-78.386313,015,036,3039,4367,2023-10-10,1547,L8,H,D
34.472117,-78.386639,015,036,3038,4367,2023-10-10,1547,L8,H,D
34.48387,-78.047932,015,036,4074,4295,2023-10-10,1547,L8,H,D
34.495776,-78.116102,015,036,3864,4257,2023-10-10,1547,L8,L,D
34.517122,-77.800766,015,036,4827,4149,2023-10-10,1547,L8,M,D
34.517331,-77.474761,015,036,5825,4115,2023-10-10,1547,L8,L,D
34.517392,-77.800756,015,036,4827,4148,2023-10-10,1547,L8,H,D
34.518129,-77.409402,015,036,6025,4105,2023-10-10,1547,L8,M,D
34.518138,-77.409728,015,036,6024,4105,2023-10-10,1547,L8,H,D
34.518408,-77.409716,015,036,6024,4104,2023-10-10,1547,L8,H,D
34.569865,-77.403581,015,036,6036,3913,2023-10-10,1547,L8,L,D
34.593613,-79.00588,015,036,1133,3961,2023-10-10,1547,L8,H,D
34.593618,-79.006207,015,036,1132,3961,2023-10-10,1547,L8,H,D
34.593883,-79.005874,015,036,1133,3960,2023-10-10,1547,L8,L,D
34.618261,-78.014394,015,036,4162,3795,2023-10-10,1547,L8,H,D
34.618269,-78.01472,015,036,4161,3795,2023-10-10,1547,L8,H,D
34.618523,-78.014057,015,036,4163,3794,2023-10-10,1547,L8,H,D
34.618539,-78.014711,015,036,4161,3794,2023-10-10,1547,L8,H,D
34.618547,-78.015037,015,036,4160,3794,2023-10-10,1547,L8,H,D
34.618817,-78.015028,015,036,4160,3793,2023-10-10,1547,L8,H,D
34.619317,-78.013374,015,036,4165,3791,2023-10-10,1547,L8,H,D
34.619874,-78.014009,015,036,4163,3789,2023-10-10,1547,L8,H,D
34.628083,-79.168667,015,036,633,3843,2023-10-10,1547,L8,L,D
34.628353,-79.168661,015,036,633,3842,2023-10-10,1547,L8,H,D
34.685076,-77.622143,015,036,5353,3510,2023-10-10,1547,L8,L,D
34.740987,-77.138768,015,036,6822,3250,2023-10-10,1547,L8,H,D
34.741257,-77.138755,015,036,6822,3249,2023-10-10,1547,L8,H,D
34.741527,-77.138743,015,036,6822,3248,2023-10-10,1547,L8,H,D
34.752269,-78.238588,015,036,3463,3319,2023-10-10,1547,L8,H,D
34.752276,-78.238916,015,036,3462,3319,2023-10-10,1547,L8,H,D
34.752539,-78.238579,015,036,3463,3318,2023-10-10,1547,L8,H,D
34.752546,-78.238907,015,036,3462,3318,2023-10-10,1547,L8,H,D
34.752802,-78.238243,015,036,3464,3317,2023-10-10,1547,L8,L,D
34.752817,-78.238898,015,036,3462,3317,2023-10-10,1547,L8,H,D
34.753087,-78.238889,015,036,3462,3316,2023-10-10,1547,L8,H,D
34.778298,-78.265579,015,036,3378,3225,2023-10-10,1547,L8,H,D
34.778546,-78.264588,015,036,3381,3224,2023-10-10,1547,L8,H,D
34.778817,-78.264579,015,036,3381,3223,2023-10-10,1547,L8,H,D
34.779364,-78.264889,015,036,3380,3221,2023-10-10,1547,L8,H,D
34.779912,-78.265198,015,036,3379,3219,2023-10-10,1547,L8,H,D
34.804112,-77.733653,015,036,4998,3081,2023-10-10,1547,L8,H,D
34.804129,-77.734308,015,036,4996,3081,2023-10-10,1547,L8,H,D
34.80467,-77.734286,015,036,4996,3079,2023-10-10,1547,L8,H,D
34.804948,-77.734603,015,036,4995,3078,2023-10-10,1547,L8,H,D
34.80521,-77.734265,015,036,4996,3077,2023-10-10,1547,L8,H,D
34.805219,-77.734593,015,036,4995,3077,2023-10-10,1547,L8,H,D
34.815529,-77.859095,015,036,4614,3051,2023-10-10,1547,L8,H,D
34.815799,-77.859085,015,036,4614,3050,2023-10-10,1547,L8,H,D
34.815861,-78.169905,015,036,3666,3078,2023-10-10,1547,L8,L,D
34.815869,-78.170232,015,036,3665,3078,2023-10-10,1547,L8,H,D
34.815876,-78.17056,015,036,3664,3078,2023-10-10,1547,L8,H,D
34.816069,-77.859075,015,036,4614,3049,2023-10-10,1547,L8,H,D
34.816124,-78.169568,015,036,3667,3077,2023-10-10,1547,L8,H,D
34.816131,-78.169896,015,036,3666,3077,2023-10-10,1547,L8,H,D
34.816139,-78.170223,015,036,3665,3077,2023-10-10,1547,L8,H,D
34.816147,-78.170551,015,036,3664,3077,2023-10-10,1547,L8,H,D
34.816379,-78.168903,015,036,3669,3076,2023-10-10,1547,L8,H,D
34.816386,-78.169231,015,036,3668,3076,2023-10-10,1547,L8,H,D
34.816394,-78.169559,015,036,3667,3076,2023-10-10,1547,L8,H,D
34.816402,-78.169886,015,036,3666,3076,2023-10-10,1547,L8,H,D
34.816409,-78.170214,015,036,3665,3076,2023-10-10,1547,L8,H,D
34.816417,-78.170542,015,036,3664,3076,2023-10-10,1547,L8,H,D
34.816424,-78.170869,015,036,3663,3076,2023-10-10,1547,L8,H,D
34.816656,-78.169222,015,036,3668,3075,2023-10-10,1547,L8,H,D
34.816664,-78.169549,015,036,3667,3075,2023-10-10,1547,L8,H,D
34.816672,-78.169877,015,036,3666,3075,2023-10-10,1547,L8,H,D
34.816679,-78.170205,015,036,3665,3075,2023-10-10,1547,L8,H,D
34.816687,-78.170532,015,036,3664,3075,2023-10-10,1547,L8,H,D
34.816695,-78.17086,015,036,3663,3075,2023-10-10,1547,L8,H,D
34.816702,-78.171188,015,036,3662,3075,2023-10-10,1547,L8,L,D
34.816934,-78.16954,015,036,3667,3074,2023-10-10,1547,L8,H,D
34.816942,-78.169868,015,036,3666,3074,2023-10-10,1547,L8,H,D
34.81695,-78.170195,015,036,3665,3074,2023-10-10,1547,L8,H,D
34.816957,-78.170523,015,036,3664,3074,2023-10-10,1547,L8,H,D
34.816965,-78.170851,015,036,3663,3074,2023-10-10,1547,L8,H,D
34.816972,-78.171178,015,036,3662,3074,2023-10-10,1547,L8,H,D
34.817204,-78.169531,015,036,3667,3073,2023-10-10,1547,L8,H,D
34.81722,-78.170186,015,036,3665,3073,2023-10-10,1547,L8,H,D
34.817227,-78.170514,015,036,3664,3073,2023-10-10,1547,L8,H,D
34.817235,-78.170841,015,036,3663,3073,2023-10-10,1547,L8,H,D
34.817243,-78.171169,015,036,3662,3073,2023-10-10,1547,L8,H,D
34.81725,-78.171497,015,036,3661,3073,2023-10-10,1547,L8,H,D
34.817498,-78.170505,015,036,3664,3072,2023-10-10,1547,L8,H,D
34.817505,-78.170832,015,036,3663,3072,2023-10-10,1547,L8,H,D
34.817513,-78.17116,015,036,3662,3072,2023-10-10,1547,L8,H,D
34.81752,-78.171488,015,036,3661,3072,2023-10-10,1547,L8,H,D
34.817528,-78.171815,015,036,3660,3072,2023-10-10,1547,L8,L,D
34.81776,-78.170168,015,036,3665,3071,2023-10-10,1547,L8,H,D
34.817768,-78.170495,015,036,3664,3071,2023-10-10,1547,L8,H,D
34.817775,-78.170823,015,036,3663,3071,2023-10-10,1547,L8,H,D
34.817783,-78.171151,015,036,3662,3071,2023-10-10,1547,L8,H,D
34.817791,-78.171478,015,036,3661,3071,2023-10-10,1547,L8,H,D
34.81803,-78.170158,015,036,3665,3070,2023-10-10,1547,L8,H,D
34.818038,-78.170486,015,036,3664,3070,2023-10-10,1547,L8,H,D
34.818046,-78.170814,015,036,3663,3070,2023-10-10,1547,L8,H,D
34.822124,-78.427439,015,036,2880,3076,2023-10-10,1547,L8,H,D
34.822373,-78.426448,015,036,2883,3075,2023-10-10,1547,L8,H,D
34.822387,-78.427103,015,036,2881,3075,2023-10-10,1547,L8,H,D
34.822394,-78.427431,015,036,2880,3075,2023-10-10,1547,L8,H,D
34.822643,-78.426439,015,036,2883,3074,2023-10-10,1547,L8,H,D
34.82265,-78.426767,015,036,2882,3074,2023-10-10,1547,L8,H,D
34.822657,-78.427095,015,036,2881,3074,2023-10-10,1547,L8,H,D
34.822664,-78.427423,015,036,2880,3074,2023-10-10,1547,L8,H,D
34.822671,-78.42775,015,036,2879,3074,2023-10-10,1547,L8,H,D
34.822914,-78.426431,015,036,2883,3073,2023-10-10,1547,L8,L,D
34.822921,-78.426759,015,036,2882,3073,2023-10-10,1547,L8,H,D
34.822928,-78.427087,015,036,2881,3073,2023-10-10,1547,L8,H,D
34.822935,-78.427414,015,036,2880,3073,2023-10-10,1547,L8,H,D
34.822941,-78.427742,015,036,2879,3073,2023-10-10,1547,L8,H,D
34.822948,-78.42807,015,036,2878,3073,2023-10-10,1547,L8,H,D
34.823191,-78.42675,015,036,2882,3072,2023-10-10,1547,L8,H,D
34.823198,-78.427078,015,036,2881,3072,2023-10-10,1547,L8,H,D
34.823205,-78.427406,015,036,2880,3072,2023-10-10,1547,L8,H,D
34.823212,-78.427734,015,036,2879,3072,2023-10-10,1547,L8,H,D
34.823468,-78.42707,015,036,2881,3071,2023-10-10,1547,L8,H,D
34.823475,-78.427397,015,036,2880,3071,2023-10-10,1547,L8,H,D
34.823718,-78.426078,015,036,2884,3070,2023-10-10,1547,L8,L,D
34.823974,-78.425414,015,036,2886,3069,2023-10-10,1547,L8,H,D
34.823981,-78.425742,015,036,2885,3069,2023-10-10,1547,L8,H,D
34.823988,-78.42607,015,036,2884,3069,2023-10-10,1547,L8,L,D
34.824237,-78.425078,015,036,2887,3068,2023-10-10,1547,L8,H,D
34.824244,-78.425406,015,036,2886,3068,2023-10-10,1547,L8,H,D
34.85368,-78.010171,015,036,4149,2924,2023-10-10,1547,L8,H,D
34.854228,-78.010479,015,036,4148,2922,2023-10-10,1547,L8,H,D
34.854728,-78.008821,015,036,4153,2920,2023-10-10,1547,L8,H,D
34.855277,-78.009129,015,036,4152,2918,2023-10-10,1547,L8,H,D
34.855555,-78.009447,015,036,4151,2917,2023-10-10,1547,L8,H,D
34.855825,-78.009437,015,036,4151,2916,2023-10-10,1547,L8,H,D
34.859256,-77.673414,015,036,5175,2871,2023-10-10,1547,L8,H,D
34.863363,-78.578725,015,036,2415,2935,2023-10-10,1547,L8,M,D
34.863634,-78.578717,015,036,2415,2934,2023-10-10,1547,L8,M,D
34.866437,-78.02316,015,036,4108,2878,2023-10-10,1547,L8,H,D
34.866699,-78.022822,015,036,4109,2877,2023-10-10,1547,L8,H,D
34.866715,-78.023478,015,036,4107,2877,2023-10-10,1547,L8,H,D
34.866723,-78.023806,015,036,4106,2877,2023-10-10,1547,L8,H,D
34.866961,-78.022485,015,036,4110,2876,2023-10-10,1547,L8,H,D
34.866986,-78.023468,015,036,4107,2876,2023-10-10,1547,L8,H,D
34.867002,-78.024124,015,036,4105,2876,2023-10-10,1547,L8,H,D
34.867272,-78.024114,015,036,4105,2875,2023-10-10,1547,L8,H,D
34.867534,-78.023776,015,036,4106,2874,2023-10-10,1547,L8,H,D
34.86755,-78.024432,015,036,4104,2874,2023-10-10,1547,L8,H,D
34.86782,-78.024422,015,036,4104,2873,2023-10-10,1547,L8,H,D
34.87345,-77.967786,015,036,4276,2847,2023-10-10,1547,L8,H,D
34.873458,-77.968114,015,036,4275,2847,2023-10-10,1547,L8,M,D
34.87372,-77.967776,015,036,4276,2846,2023-10-10,1547,L8,H,D
34.901482,-78.007781,015,036,4151,2747,2023-10-10,1547,L8,H,D
34.90149,-78.008109,015,036,4150,2747,2023-10-10,1547,L8,H,D
34.901736,-78.007116,015,036,4153,2746,2023-10-10,1547,L8,H,D
34.901744,-78.007444,015,036,4152,2746,2023-10-10,1547,L8,H,D
34.901752,-78.007772,015,036,4151,2746,2023-10-10,1547,L8,H,D
34.902014,-78.007434,015,036,4152,2745,2023-10-10,1547,L8,H,D
34.90203,-78.00809,015,036,4150,2745,2023-10-10,1547,L8,H,D
34.902292,-78.007752,015,036,4151,2744,2023-10-10,1547,L8,H,D
34.902562,-78.007742,015,036,4151,2743,2023-10-10,1547,L8,H,D
34.902833,-78.007732,015,036,4151,2742,2023-10-10,1547,L8,H,D
34.902841,-78.00806,015,036,4150,2742,2023-10-10,1547,L8,H,D
34.903111,-78.008051,015,036,4150,2741,2023-10-10,1547,L8,H,D
34.903244,-77.937479,015,036,4365,2734,2023-10-10,1547,L8,H,D
34.903389,-78.008369,015,036,4149,2740,2023-10-10,1547,L8,H,D
34.90349,-77.936486,015,036,4368,2733,2023-10-10,1547,L8,H,D
34.942432,-77.729485,015,036,4994,2569,2023-10-10,1547,L8,H,D
34.942702,-77.729474,015,036,4994,2568,2023-10-10,1547,L8,H,D
34.95857,-77.736397,015,036,4971,2510,2023-10-10,1547,L8,M,D
34.958579,-77.736725,015,036,4970,2510,2023-10-10,1547,L8,H,D
34.958588,-77.737053,015,036,4969,2510,2023-10-10,1547,L8,H,D
34.958596,-77.737381,015,036,4968,2510,2023-10-10,1547,L8,H,D
34.958858,-77.737042,015,036,4969,2509,2023-10-10,1547,L8,M,D
34.958867,-77.73737,015,036,4968,2509,2023-10-10,1547,L8,M,D
34.958875,-77.737698,015,036,4967,2509,2023-10-10,1547,L8,H,D
34.959119,-77.736703,015,036,4970,2508,2023-10-10,1547,L8,M,D
34.959145,-77.737688,015,036,4967,2508,2023-10-10,1547,L8,H,D
35.006093,-77.877782,015,036,4535,2348,2023-10-10,1547,L8,H,D
35.00611,-77.878439,015,036,4533,2348,2023-10-10,1547,L8,H,D
35.006363,-77.877772,015,036,4535,2347,2023-10-10,1547,L8,H,D
35.006372,-77.8781,015,036,4534,2347,2023-10-10,1547,L8,H,D
35.00638,-77.878429,015,036,4533,2347,2023-10-10,1547,L8,H,D
35.006625,-77.877433,015,036,4536,2346,2023-10-10,1547,L8,H,D
35.006633,-77.877762,015,036,4535,2346,2023-10-10,1547,L8,H,D
35.006642,-77.87809,015,036,4534,2346,2023-10-10,1547,L8,H,D
35.015944,-78.011174,015,036,4128,2324,2023-10-10,1547,L8,H,D
35.016198,-78.010507,015,036,4130,2323,2023-10-10,1547,L8,H,D
35.016206,-78.010836,015,036,4129,2323,2023-10-10,1547,L8,H,D
35.016214,-78.011164,015,036,4128,2323,2023-10-10,1547,L8,H,D
35.016492,-78.011483,015,036,4127,2322,2023-10-10,1547,L8,H,D
35.0165,-78.011811,015,036,4126,2322,2023-10-10,1547,L8,H,D
35.016754,-78.011144,015,036,4128,2321,2023-10-10,1547,L8,H,D
35.016762,-78.011473,015,036,4127,2321,2023-10-10,1547,L8,H,D
35.01677,-78.011801,015,036,4126,2321,2023-10-10,1547,L8,H,D
35.017016,-78.010806,015,036,4129,2320,2023-10-10,1547,L8,H,D
35.017032,-78.011463,015,036,4127,2320,2023-10-10,1547,L8,H,D
35.01704,-78.011791,015,036,4126,2320,2023-10-10,1547,L8,H,D
35.017294,-78.011125,015,036,4128,2319,2023-10-10,1547,L8,H,D
35.017302,-78.011453,015,036,4127,2319,2023-10-10,1547,L8,L,D
35.030995,-78.04054,015,036,4037,2271,2023-10-10,1547,L8,H,D
35.031003,-78.040869,015,036,4036,2271,2023-10-10,1547,L8,H,D
35.031011,-78.041197,015,036,4035,2271,2023-10-10,1547,L8,H,D
35.031265,-78.04053,015,036,4037,2270,2023-10-10,1547,L8,H,D
35.031273,-78.040859,015,036,4036,2270,2023-10-10,1547,L8,H,D
35.031535,-78.040521,015,036,4037,2269,2023-10-10,1547,L8,H,D
35.031813,-78.040839,015,036,4036,2268,2023-10-10,1547,L8,H,D
35.055916,-77.457659,015,036,5807,2121,2023-10-10,1547,L8,L,D
35.063817,-77.183768,015,036,6639,2061,2023-10-10,1547,L8,L,D
35.063942,-77.18389,015,035,5489,7630,2023-10-10,1547,L8,L,D
35.064346,-77.183415,015,036,6640,2059,2023-10-10,1547,L8,H,D
35.064357,-77.183743,015,036,6639,2059,2023-10-10,1547,L8,H,D
35.064488,-77.183576,015,035,5490,7628,2023-10-10,1547,L8,H,D
35.064616,-77.183402,015,036,6640,2058,2023-10-10,1547,L8,H,D
35.065504,-77.187222,015,035,5479,7624,2023-10-10,1547,L8,L,D
35.06554,-77.186976,015,036,6629,2055,2023-10-10,1547,L8,L,D
35.06555,-77.187304,015,036,6628,2055,2023-10-10,1547,L8,L,D
35.082709,-77.923873,015,036,4386,2069,2023-10-10,1547,L8,H,D
35.082979,-77.923863,015,036,4386,2068,2023-10-10,1547,L8,H,D
35.083249,-77.923853,015,036,4386,2067,2023-10-10,1547,L8,M,D
35.085745,-78.252719,015,036,3386,2087,2023-10-10,1547,L8,H,D
35.086292,-78.253029,015,036,3385,2085,2023-10-10,1547,L8,H,D
35.094341,-77.358636,015,036,6103,1968,2023-10-10,1547,L8,M,D
35.094351,-77.358964,015,036,6102,1968,2023-10-10,1547,L8,H,D
35.094458,-77.35943,015,035,4958,7505,2023-10-10,1547,L8,H,D
35.094464,-77.359102,015,035,4959,7505,2023-10-10,1547,L8,H,D
35.094471,-77.358773,015,035,4960,7505,2023-10-10,1547,L8,H,D
35.094611,-77.358624,015,036,6103,1967,2023-10-10,1547,L8,H,D
35.094621,-77.358952,015,036,6102,1967,2023-10-10,1547,L8,H,D
35.094631,-77.359281,015,036,6101,1967,2023-10-10,1547,L8,H,D
35.094641,-77.359609,015,036,6100,1967,2023-10-10,1547,L8,H,D
35.094651,-77.359938,015,036,6099,1967,2023-10-10,1547,L8,H,D
35.094661,-77.360266,015,036,6098,1967,2023-10-10,1547,L8,M,D
35.094715,-77.360096,015,035,4956,7504,2023-10-10,1547,L8,H,D
35.094722,-77.359767,015,035,4957,7504,2023-10-10,1547,L8,H,D
35.094728,-77.359438,015,035,4958,7504,2023-10-10,1547,L8,H,D
35.094735,-77.359109,015,035,4959,7504,2023-10-10,1547,L8,H,D
35.094741,-77.358781,015,035,4960,7504,2023-10-10,1547,L8,H,D
35.094881,-77.358612,015,036,6103,1966,2023-10-10,1547,L8,H,D
35.094891,-77.35894,015,036,6102,1966,2023-10-10,1547,L8,H,D
35.094901,-77.359269,015,036,6101,1966,2023-10-10,1547,L8,H,D
35.094911,-77.359597,015,036,6100,1966,2023-10-10,1547,L8,H,D
35.094921,-77.359926,015,036,6099,1966,2023-10-10,1547,L8,H,D
35.094992,-77.359775,015,035,4957,7503,2023-10-10,1547,L8,H,D
35.094998,-77.359446,015,035,4958,7503,2023-10-10,1547,L8,H,D
35.095005,-77.359117,015,035,4959,7503,2023-10-10,1547,L8,H,D
35.095011,-77.358788,015,035,4960,7503,2023-10-10,1547,L8,H,D
35.095151,-77.3586,015,036,6103,1965,2023-10-10,1547,L8,M,D
35.095161,-77.358928,015,036,6102,1965,2023-10-10,1547,L8,H,D
35.140932,-78.766753,015,036,1819,1922,2023-10-10,1547,L8,M,D
35.151598,-78.393728,015,036,2951,1855,2023-10-10,1547,L8,L,D
35.153859,-78.868811,015,036,1508,1881,2023-10-10,1547,L8,L,D
35.153865,-78.86914,015,036,1507,1881,2023-10-10,1547,L8,L,D
35.168173,-77.758985,015,036,4877,1737,2023-10-10,1547,L8,H,D
35.168223,-77.759056,015,035,3751,7201,2023-10-10,1547,L8,H,D
35.168443,-77.758974,015,036,4877,1736,2023-10-10,1547,L8,H,D
35.168493,-77.759065,015,035,3751,7200,2023-10-10,1547,L8,H,D
35.1685,-77.758736,015,035,3752,7200,2023-10-10,1547,L8,H,D
35.169821,-78.749495,015,036,1869,1814,2023-10-10,1547,L8,H,D
35.170091,-78.749488,015,036,1869,1813,2023-10-10,1547,L8,H,D
35.178846,-77.814416,015,035,3584,7157,2023-10-10,1547,L8,L,D
35.232132,-78.829518,015,036,1621,1589,2023-10-10,1547,L8,L,D
35.270874,-78.563356,015,036,2425,1427,2023-10-10,1547,L8,M,D
35.270881,-78.563686,015,036,2424,1427,2023-10-10,1547,L8,H,D
35.356028,-77.727067,015,036,4951,1039,2023-10-10,1547,L8,H,D
35.356069,-77.727147,015,035,3867,6509,2023-10-10,1547,L8,H,D
35.374728,-78.471751,015,036,2693,1036,2023-10-10,1547,L8,L,D
35.446153,-78.269423,015,035,2235,6126,2023-10-10,1547,L8,H,D
35.44631,-78.26959,015,036,3298,755,2023-10-10,1547,L8,H,D
35.446423,-78.269434,015,035,2235,6125,2023-10-10,1547,L8,H,D
35.458496,-78.772477,015,035,714,6026,2023-10-10,1547,L8,H,D
35.458537,-78.772549,015,036,1775,748,2023-10-10,1547,L8,H,D
35.524964,-78.709515,015,036,1960,498,2023-10-10,1547,L8,M,D
35.52497,-78.709846,015,036,1959,498,2023-10-10,1547,L8,M,D
35.525026,-78.710453,015,035,911,5787,2023-10-10,1547,L8,M,D
35.525046,-78.709792,015,035,913,5787,2023-10-10,1547,L8,H,D
35.525057,-78.709462,015,035,914,5787,2023-10-10,1547,L8,M,D
35.525234,-78.709507,015,036,1960,497,2023-10-10,1547,L8,M,D
35.526757,-78.277984,015,035,2219,5827,2023-10-10,1547,L8,H,D
35.526766,-78.277654,015,035,2220,5827,2023-10-10,1547,L8,H,D
35.526804,-78.277779,015,036,3265,458,2023-10-10,1547,L8,H,D
35.526811,-78.27811,015,036,3264,458,2023-10-10,1547,L8,H,D
35.527027,-78.277995,015,035,2219,5826,2023-10-10,1547,L8,H,D
35.527036,-78.277665,015,035,2220,5826,2023-10-10,1547,L8,H,D
35.527045,-78.277334,015,035,2221,5826,2023-10-10,1547,L8,H,D
35.527067,-78.27744,015,036,3266,457,2023-10-10,1547,L8,H,D
35.527074,-78.27777,015,036,3265,457,2023-10-10,1547,L8,H,D
35.527081,-78.278101,015,036,3264,457,2023-10-10,1547,L8,H,D
35.527315,-78.277345,015,035,2221,5825,2023-10-10,1547,L8,H,D
35.527329,-78.2771,015,036,3267,456,2023-10-10,1547,L8,H,D
35.527337,-78.27743,015,036,3266,456,2023-10-10,1547,L8,H,D
35.528233,-78.457292,015,035,1677,5803,2023-10-10,1547,L8,L,D
35.528285,-78.457016,015,036,2723,467,2023-10-10,1547,L8,L,D
35.528292,-78.457347,015,036,2722,467,2023-10-10,1547,L8,H,D
35.528299,-78.457677,015,036,2721,467,2023-10-10,1547,L8,L,D
35.528493,-78.457634,015,035,1676,5802,2023-10-10,1547,L8,H,D
35.528503,-78.457303,015,035,1677,5802,2023-10-10,1547,L8,H,D
35.528562,-78.457338,015,036,2722,466,2023-10-10,1547,L8,H,D
35.545577,-77.958193,015,035,3188,5788,2023-10-10,1547,L8,L,D
35.637606,-77.700913,015,035,3975,5470,2023-10-10,1547,L8,M,D
35.774539,-77.767254,015,035,3789,4958,2023-10-10,1547,L8,L,D
35.999816,-77.332874,015,035,5118,4159,2023-10-10,1547,L8,H,D
35.999822,-77.332542,015,035,5119,4159,2023-10-10,1547,L8,H,D
36.000099,-77.332217,015,035,5120,4158,2023-10-10,1547,L8,H,D
36.063973,-78.605791,015,035,1301,3805,2023-10-10,1547,L8,L,D
36.091376,-76.928439,015,035,6340,3847,2023-10-10,1547,L8,H,D
36.195944,-78.102565,015,035,2828,3369,2023-10-10,1547,L8,H,D
36.206825,-77.600913,015,035,4333,3373,2023-10-10,1547,L8,H,D
36.225276,-77.707643,015,035,4015,3296,2023-10-10,1547,L8,L,D
36.225283,-77.707309,015,035,4016,3296,2023-10-10,1547,L8,H,D
36.225553,-77.707318,015,035,4016,3295,2023-10-10,1547,L8,H,D
36.35478,-76.806542,015,035,6724,2880,2023-10-10,1547,L8,M,D
36.35505,-76.806548,015,035,6724,2879,2023-10-10,1547,L8,M,D
36.35532,-76.806555,015,035,6724,2878,2023-10-10,1547,L8,M,D
36.355861,-76.806567,015,035,6724,2876,2023-10-10,1547,L8,M,D
36.355866,-76.806233,015,035,6725,2876,2023-10-10,1547,L8,H,D
36.355871,-76.805899,015,035,6726,2876,2023-10-10,1547,L8,M,D
36.364517,-77.778318,015,035,3818,2775,2023-10-10,1547,L8,H,D
36.519658,-77.791897,015,035,3794,2200,2023-10-10,1547,L8,H,D
36.520723,-77.792606,015,035,3792,2196,2023-10-10,1547,L8,M,D
36.520731,-77.792271,015,035,3793,2196,2023-10-10,1547,L8,H,D
36.520993,-77.792615,015,035,3792,2195,2023-10-10,1547,L8,H,D
36.521001,-77.792281,015,035,3793,2195,2023-10-10,1547,L8,H,D
36.521264,-77.792625,015,035,3792,2194,2023-10-10,1547,L8,H,D
36.521271,-77.79229,015,035,3793,2194,2023-10-10,1547,L8,H,D
36.570912,-78.018305,015,035,3124,1990,2023-10-10,1547,L8,M,D
36.570929,-78.017636,015,035,3126,1990,2023-10-10,1547,L8,L,D
36.571182,-78.018316,015,035,3124,1989,2023-10-10,1547,L8,H,D
36.571191,-78.017981,015,035,3125,1989,2023-10-10,1547,L8,H,D
36.571199,-78.017646,015,035,3126,1989,2023-10-10,1547,L8,H,D
36.571207,-78.017311,015,035,3127,1989,2023-10-10,1547,L8,H,D
36.571216,-78.016977,015,035,3128,1989,2023-10-10,1547,L8,M,D
36.571233,-78.016307,015,035,3130,1989,2023-10-10,1547,L8,H,D
36.571241,-78.015972,015,035,3131,1989,2023-10-10,1547,L8,H,D
36.571461,-78.017992,015,035,3125,1988,2023-10-10,1547,L8,H,D
36.571469,-78.017657,015,035,3126,1988,2023-10-10,1547,L8,H,D
36.571478,-78.017322,015,035,3127,1988,2023-10-10,1547,L8,H,D
36.571486,-78.016987,015,035,3128,1988,2023-10-10,1547,L8,H,D
36.571495,-78.016652,015,035,3129,1988,2023-10-10,1547,L8,H,D
36.571503,-78.016318,015,035,3130,1988,2023-10-10,1547,L8,H,D
36.571511,-78.015983,015,035,3131,1988,2023-10-10,1547,L8,H,D
36.57152,-78.015648,015,035,3132,1988,2023-10-10,1547,L8,H,D
36.571528,-78.015313,015,035,3133,1988,2023-10-10,1547,L8,M,D
36.571537,-78.014978,015,035,3134,1988,2023-10-10,1547,L8,L,D
36.571731,-78.018002,015,035,3125,1987,2023-10-10,1547,L8,H,D
36.571739,-78.017667,015,035,3126,1987,2023-10-10,1547,L8,H,D
36.571748,-78.017333,015,035,3127,1987,2023-10-10,1547,L8,H,D
36.571756,-78.016998,015,035,3128,1987,2023-10-10,1547,L8,H,D
36.571765,-78.016663,015,035,3129,1987,2023-10-10,1547,L8,H,D
36.571773,-78.016328,015,035,3130,1987,2023-10-10,1547,L8,H,D
36.571782,-78.015993,015,035,3131,1987,2023-10-10,1547,L8,H,D
36.57179,-78.015658,015,035,3132,1987,2023-10-10,1547,L8,H,D
36.571799,-78.015324,015,035,3133,1987,2023-10-10,1547,L8,H,D
36.571807,-78.014989,015,035,3134,1987,2023-10-10,1547,L8,H,D
36.571815,-78.014654,015,035,3135,1987,2023-10-10,1547,L8,H,D
36.571824,-78.014319,015,035,3136,1987,2023-10-10,1547,L8,H,D
36.571832,-78.013984,015,035,3137,1987,2023-10-10,1547,L8,M,D
36.572001,-78.018013,015,035,3125,1986,2023-10-10,1547,L8,H,D
36.572009,-78.017678,015,035,3126,1986,2023-10-10,1547,L8,H,D
36.572018,-78.017343,015,035,3127,1986,2023-10-10,1547,L8,H,D
36.572026,-78.017008,015,035,3128,1986,2023-10-10,1547,L8,H,D
36.572035,-78.016673,015,035,3129,1986,2023-10-10,1547,L8,H,D
36.572043,-78.016339,015,035,3130,1986,2023-10-10,1547,L8,H,D
36.572052,-78.016004,015,035,3131,1986,2023-10-10,1547,L8,H,D
36.57206,-78.015669,015,035,3132,1986,2023-10-10,1547,L8,H,D
36.572069,-78.015334,015,035,3133,1986,2023-10-10,1547,L8,H,D
36.572077,-78.014999,015,035,3134,1986,2023-10-10,1547,L8,H,D
36.572086,-78.014664,015,035,3135,1986,2023-10-10,1547,L8,H,D
36.572094,-78.01433,015,035,3136,1986,2023-10-10,1547,L8,H,D
36.572271,-78.018023,015,035,3125,1985,2023-10-10,1547,L8,L,D
36.572279,-78.017688,015,035,3126,1985,2023-10-10,1547,L8,H,D
36.572288,-78.017354,015,035,3127,1985,2023-10-10,1547,L8,H,D
36.572296,-78.017019,015,035,3128,1985,2023-10-10,1547,L8,H,D
36.572305,-78.016684,015,035,3129,1985,2023-10-10,1547,L8,H,D
36.572313,-78.016349,015,035,3130,1985,2023-10-10,1547,L8,H,D
36.572322,-78.016014,015,035,3131,1985,2023-10-10,1547,L8,H,D
36.57233,-78.015679,015,035,3132,1985,2023-10-10,1547,L8,H,D
36.572339,-78.015345,015,035,3133,1985,2023-10-10,1547,L8,H,D
36.572347,-78.01501,015,035,3134,1985,2023-10-10,1547,L8,H,D
36.572356,-78.014675,015,035,3135,1985,2023-10-10,1547,L8,H,D
36.572364,-78.01434,015,035,3136,1985,2023-10-10,1547,L8,H,D
36.57239,-78.013336,015,035,3139,1985,2023-10-10,1547,L8,L,D
36.572398,-78.013001,015,035,3140,1985,2023-10-10,1547,L8,H,D
36.572406,-78.012666,015,035,3141,1985,2023-10-10,1547,L8,H,D
36.572549,-78.017699,015,035,3126,1984,2023-10-10,1547,L8,H,D
36.572558,-78.017364,015,035,3127,1984,2023-10-10,1547,L8,H,D
36.572566,-78.017029,015,035,3128,1984,2023-10-10,1547,L8,H,D
36.572575,-78.016694,015,035,3129,1984,2023-10-10,1547,L8,H,D
36.572583,-78.01636,015,035,3130,1984,2023-10-10,1547,L8,H,D
36.572592,-78.016025,015,035,3131,1984,2023-10-10,1547,L8,H,D
36.5726,-78.01569,015,035,3132,1984,2023-10-10,1547,L8,H,D
36.572609,-78.015355,015,035,3133,1984,2023-10-10,1547,L8,L,D
36.572617,-78.01502,015,035,3134,1984,2023-10-10,1547,L8,L,D
36.572626,-78.014685,015,035,3135,1984,2023-10-10,1547,L8,L,D
36.572643,-78.014016,015,035,3137,1984,2023-10-10,1547,L8,L,D
36.572651,-78.013681,015,035,3138,1984,2023-10-10,1547,L8,H,D
36.57266,-78.013346,015,035,3139,1984,2023-10-10,1547,L8,H,D
36.572668,-78.013011,015,035,3140,1984,2023-10-10,1547,L8,H,D
36.572677,-78.012676,015,035,3141,1984,2023-10-10,1547,L8,H,D
36.572819,-78.017709,015,035,3126,1983,2023-10-10,1547,L8,L,D
36.572828,-78.017375,015,035,3127,1983,2023-10-10,1547,L8,H,D
36.572836,-78.01704,015,035,3128,1983,2023-10-10,1547,L8,H,D
36.572845,-78.016705,015,035,3129,1983,2023-10-10,1547,L8,H,D
36.572853,-78.01637,015,035,3130,1983,2023-10-10,1547,L8,H,D
36.572862,-78.016035,015,035,3131,1983,2023-10-10,1547,L8,H,D
36.57287,-78.0157,015,035,3132,1983,2023-10-10,1547,L8,H,D
36.572879,-78.015366,015,035,3133,1983,2023-10-10,1547,L8,L,D
36.572887,-78.015031,015,035,3134,1983,2023-10-10,1547,L8,L,D
36.572896,-78.014696,015,035,3135,1983,2023-10-10,1547,L8,L,D
36.572904,-78.014361,015,035,3136,1983,2023-10-10,1547,L8,L,D
36.572921,-78.013691,015,035,3138,1983,2023-10-10,1547,L8,L,D
36.57293,-78.013357,015,035,3139,1983,2023-10-10,1547,L8,H,D
36.572938,-78.013022,015,035,3140,1983,2023-10-10,1547,L8,H,D
36.573098,-78.017385,015,035,3127,1982,2023-10-10,1547,L8,H,D
36.573107,-78.01705,015,035,3128,1982,2023-10-10,1547,L8,H,D
36.573115,-78.016715,015,035,3129,1982,2023-10-10,1547,L8,H,D
36.573123,-78.016381,015,035,3130,1982,2023-10-10,1547,L8,H,D
36.573132,-78.016046,015,035,3131,1982,2023-10-10,1547,L8,H,D
36.57314,-78.015711,015,035,3132,1982,2023-10-10,1547,L8,H,D
36.573149,-78.015376,015,035,3133,1982,2023-10-10,1547,L8,L,D
36.573157,-78.015041,015,035,3134,1982,2023-10-10,1547,L8,L,D
36.573166,-78.014706,015,035,3135,1982,2023-10-10,1547,L8,L,D
36.573174,-78.014372,015,035,3136,1982,2023-10-10,1547,L8,L,D
36.573385,-78.016726,015,035,3129,1981,2023-10-10,1547,L8,H,D
36.573394,-78.016391,015,035,3130,1981,2023-10-10,1547,L8,H,D
36.573402,-78.016056,015,035,3131,1981,2023-10-10,1547,L8,H,D
36.573411,-78.015721,015,035,3132,1981,2023-10-10,1547,L8,H,D
36.573419,-78.015387,015,035,3133,1981,2023-10-10,1547,L8,H,D
36.573427,-78.015052,015,035,3134,1981,2023-10-10,1547,L8,L,D
36.573436,-78.014717,015,035,3135,1981,2023-10-10,1547,L8,L,D
36.573444,-78.014382,015,035,3136,1981,2023-10-10,1547,L8,L,D
36.573672,-78.016067,015,035,3131,1980,2023-10-10,1547,L8,H,D
36.573681,-78.015732,015,035,3132,1980,2023-10-10,1547,L8,H,D
36.573689,-78.015397,015,035,3133,1980,2023-10-10,1547,L8,H,D
36.768466,-76.519752,015,034,6206,6625,2023-10-10,1547,L8,H,D
36.774848,-76.441555,015,034,6439,6605,2023-10-10,1547,L8,M,D
36.775119,-76.44156,015,034,6439,6604,2023-10-10,1547,L8,H,D
36.844109,-78.012201,015,034,1774,6240,2023-10-10,1547,L8,L,D
36.844109,-78.012201,015,035,3174,980,2023-10-10,1547,L8,L,D
36.944897,-76.592986,015,034,5999,5969,2023-10-10,1547,L8,L,D
36.945167,-76.592992,015,034,5999,5968,2023-10-10,1547,L8,H,D
36.953081,-78.391703,015,034,660,5799,2023-10-10,1547,L8,H,D
36.953081,-78.391703,015,035,2060,539,2023-10-10,1547,L8,H,D
36.987738,-77.136217,015,034,4390,5779,2023-10-10,1547,L8,H,D
37.045793,-76.780625,015,034,5449,5586,2023-10-10,1547,L8,H,D
37.045798,-76.780288,015,034,5450,5586,2023-10-10,1547,L8,H,D
37.046064,-76.780631,015,034,5449,5585,2023-10-10,1547,L8,H,D
37.046069,-76.780294,015,034,5450,5585,2023-10-10,1547,L8,H,D
37.046334,-76.780638,015,034,5449,5584,2023-10-10,1547,L8,M,D
37.046339,-76.7803,015,034,5450,5584,2023-10-10,1547,L8,H,D
37.065335,-77.180904,015,034,4264,5489,2023-10-10,1547,L8,H,D
37.065605,-77.180911,015,034,4264,5488,2023-10-10,1547,L8,H,D
37.183214,-77.44414,015,034,3495,5034,2023-10-10,1547,L8,M,D
37.211587,-78.481317,015,034,429,4833,2023-10-10,1547,L8,L,D
37.211857,-78.48133,015,034,429,4832,2023-10-10,1547,L8,H,D
37.282704,-76.504315,015,034,6282,4724,2023-10-10,1547,L8,H,D
37.282975,-76.504321,015,034,6282,4723,2023-10-10,1547,L8,H,D
37.31028,-78.05982,015,034,1688,4511,2023-10-10,1547,L8,H,D
37.382529,-76.755692,015,034,5546,4342,2023-10-10,1547,L8,H,D
37.382534,-76.755353,015,034,5547,4342,2023-10-10,1547,L8,H,D
37.382794,-76.756037,015,034,5545,4341,2023-10-10,1547,L8,M,D
37.382799,-76.755698,015,034,5546,4341,2023-10-10,1547,L8,H,D
37.382804,-76.75536,015,034,5547,4341,2023-10-10,1547,L8,H,D
37.383064,-76.756044,015,034,5545,4340,2023-10-10,1547,L8,H,D
37.383069,-76.755705,015,034,5546,4340,2023-10-10,1547,L8,H,D
37.383074,-76.755366,015,034,5547,4340,2023-10-10,1547,L8,H,D
37.383334,-76.75605,015,034,5545,4339,2023-10-10,1547,L8,M,D
37.383339,-76.755711,015,034,5546,4339,2023-10-10,1547,L8,H,D
37.383344,-76.755372,015,034,5547,4339,2023-10-10,1547,L8,H,D
37.441466,-77.148715,015,034,4391,4100,2023-10-10,1547,L8,L,D
37.441473,-77.148377,015,034,4392,4100,2023-10-10,1547,L8,H,D
37.441743,-77.148384,015,034,4392,4099,2023-10-10,1547,L8,M,D
37.452282,-76.623697,015,034,5940,4091,2023-10-10,1547,L8,M,D
37.452286,-76.623358,015,034,5941,4091,2023-10-10,1547,L8,L,D
37.459188,-77.433768,015,034,3552,4014,2023-10-10,1547,L8,H,D
37.459195,-77.433429,015,034,3553,4014,2023-10-10,1547,L8,H,D
37.512503,-76.849358,015,034,5279,3856,2023-10-10,1547,L8,M,D
37.588218,-76.484961,015,034,6357,3595,2023-10-10,1547,L8,H,D
37.588488,-76.484966,015,034,6357,3594,2023-10-10,1547,L8,H,D
37.639935,-76.390106,015,034,6639,3408,2023-10-10,1547,L8,L,D
37.673696,-77.827798,015,034,2414,3188,2023-10-10,1547,L8,H,D
37.753468,-78.166509,015,034,1428,2861,2023-10-10,1547,L8,M,D
37.753738,-78.16652,015,034,1428,2860,2023-10-10,1547,L8,H,D
37.753747,-78.16618,015,034,1429,2860,2023-10-10,1547,L8,H,D
37.753756,-78.16584,015,034,1430,2860,2023-10-10,1547,L8,H,D
37.818824,-77.442809,015,034,3560,2683,2023-10-10,1547,L8,M,D
37.818832,-77.442469,015,034,3561,2683,2023-10-10,1547,L8,H,D
37.818839,-77.442128,015,034,3562,2683,2023-10-10,1547,L8,H,D
37.819102,-77.442477,015,034,3561,2682,2023-10-10,1547,L8,M,D
37.864168,-78.110216,015,034,1607,2457,2023-10-10,1547,L8,L,D
37.864438,-78.110228,015,034,1607,2456,2023-10-10,1547,L8,L,D
37.866692,-76.686635,015,034,5782,2555,2023-10-10,1547,L8,L,D
37.900997,-77.895837,015,034,2240,2341,2023-10-10,1547,L8,H,D
37.901005,-77.895496,015,034,2241,2341,2023-10-10,1547,L8,H,D
37.916337,-76.472764,015,034,6412,2382,2023-10-10,1547,L8,H,D
37.963776,-78.215472,015,034,1311,2078,2023-10-10,1547,L8,H,D
37.963786,-78.215131,015,034,1312,2078,2023-10-10,1547,L8,H,D
38.012402,-77.531225,015,034,3320,1960,2023-10-10,1547,L8,M,D
38.012665,-77.531576,015,034,3319,1959,2023-10-10,1547,L8,L,D
38.012672,-77.531234,015,034,3320,1959,2023-10-10,1547,L8,H,D
38.012709,-77.529527,015,034,3325,1959,2023-10-10,1547,L8,L,D
38.018325,-76.531534,015,034,6246,2002,2023-10-10,1547,L8,L,D
38.071699,-77.514119,015,034,3376,1742,2023-10-10,1547,L8,H,D
38.071707,-77.513778,015,034,3377,1742,2023-10-10,1547,L8,L,D
38.094939,-77.289837,015,034,4034,1673,2023-10-10,1547,L8,H,D
38.106259,-77.880666,015,034,2308,1583,2023-10-10,1547,L8,M,D
38.116499,-78.214979,015,034,1332,1513,2023-10-10,1547,L8,M,D
38.116778,-78.21465,015,034,1333,1512,2023-10-10,1547,L8,M,D
38.117058,-78.21432,015,034,1334,1511,2023-10-10,1547,L8,M,D
38.117328,-78.214331,015,034,1334,1510,2023-10-10,1547,L8,M,D
38.117337,-78.21399,015,034,1335,1510,2023-10-10,1547,L8,M,D
38.117607,-78.214002,015,034,1335,1509,2023-10-10,1547,L8,M,D
38.161463,-76.391734,015,034,6663,1479,2023-10-10,1547,L8,L,D
38.161467,-76.391392,015,034,6664,1479,2023-10-10,1547,L8,H,D
38.179253,-77.662669,015,034,2953,1332,2023-10-10,1547,L8,H,D
38.179524,-77.662678,015,034,2953,1331,2023-10-10,1547,L8,H,D
38.179794,-77.662688,015,034,2953,1330,2023-10-10,1547,L8,L,D
38.197898,-77.999017,015,034,1973,1233,2023-10-10,1547,L8,L,D
38.20703,-78.125449,015,034,1605,1187,2023-10-10,1547,L8,H,D
38.207039,-78.125107,015,034,1606,1187,2023-10-10,1547,L8,H,D
38.2073,-78.12546,015,034,1605,1186,2023-10-10,1547,L8,H,D
38.222893,-77.020044,015,034,4833,1218,2023-10-10,1547,L8,L,D
38.272976,-77.309136,015,034,3994,1013,2023-10-10,1547,L8,L,D
38.39211,-77.535142,015,034,3347,555,2023-10-10,1547,L8,H,D
38.39238,-77.535151,015,034,3347,554,2023-10-10,1547,L8,M,D
38.439182,-77.872896,015,034,2369,352,2023-10-10,1547,L8,H,D
38.439452,-77.872907,015,034,2369,351,2023-10-10,1547,L8,H,D
38.4847,-77.933849,015,034,2197,178,2023-10-10,1547,L8,L,D
38.484709,-77.933506,015,034,2198,178,2023-10-10,1547,L8,L,D
38.48497,-77.93386,015,034,2197,177,2023-10-10,1547,L8,H,D
38.484979,-77.933517,015,034,2198,177,2023-10-10,1547,L8,H,D
38.484987,-77.933173,015,034,2199,177,2023-10-10,1547,L8,H,D
38.48524,-77.933871,015,034,2197,176,2023-10-10,1547,L8,L,D
38.485258,-77.933184,015,034,2199,176,2023-10-10,1547,L8,H,D
33.222034,-79.309896,015,037,1387,3718,2023-10-10,1548,L8,H,D
33.222038,-79.310218,015,037,1386,3718,2023-10-10,1548,L8,H,D
33.222095,-79.314402,015,037,1373,3718,2023-10-10,1548,L8,H,D
33.2221,-79.314724,015,037,1372,3718,2023-10-10,1548,L8,H,D
33.222305,-79.309891,015,037,1387,3717,2023-10-10,1548,L8,L,D
33.222309,-79.310213,015,037,1386,3717,2023-10-10,1548,L8,M,D
33.222366,-79.314397,015,037,1373,3717,2023-10-10,1548,L8,M,D
33.22237,-79.314718,015,037,1372,3717,2023-10-10,1548,L8,L,D
33.222575,-79.309886,015,037,1387,3716,2023-10-10,1548,L8,L,D
33.222579,-79.310208,015,037,1386,3716,2023-10-10,1548,L8,L,D
33.222632,-79.31407,015,037,1374,3716,2023-10-10,1548,L8,H,D
33.222636,-79.314391,015,037,1373,3716,2023-10-10,1548,L8,H,D
33.222846,-79.309881,015,037,1387,3715,2023-10-10,1548,L8,L,D
33.222902,-79.314064,015,037,1374,3715,2023-10-10,1548,L8,H,D
33.222907,-79.314386,015,037,1373,3715,2023-10-10,1548,L8,H,D
33.223112,-79.309554,015,037,1388,3714,2023-10-10,1548,L8,M,D
33.223168,-79.313737,015,037,1375,3714,2023-10-10,1548,L8,M,D
33.223173,-79.314059,015,037,1374,3714,2023-10-10,1548,L8,H,D
33.223177,-79.314381,015,037,1373,3714,2023-10-10,1548,L8,H,D
33.223382,-79.309549,015,037,1388,3713,2023-10-10,1548,L8,L,D
33.223439,-79.313732,015,037,1375,3713,2023-10-10,1548,L8,M,D
33.223443,-79.314054,015,037,1374,3713,2023-10-10,1548,L8,H,D
33.223448,-79.314376,015,037,1373,3713,2023-10-10,1548,L8,H,D
33.223714,-79.314049,015,037,1374,3712,2023-10-10,1548,L8,H,D
33.22425,-79.313717,015,037,1375,3710,2023-10-10,1548,L8,H,D
33.224455,-79.308884,015,037,1390,3709,2023-10-10,1548,L8,H,D
33.224521,-79.313711,015,037,1375,3709,2023-10-10,1548,L8,H,D
33.224726,-79.308879,015,037,1390,3708,2023-10-10,1548,L8,L,D
33.224791,-79.313706,015,037,1375,3708,2023-10-10,1548,L8,H,D
33.225044,-79.312414,015,037,1379,3707,2023-10-10,1548,L8,L,D
33.225053,-79.313057,015,037,1377,3707,2023-10-10,1548,L8,L,D
33.225057,-79.313379,015,037,1376,3707,2023-10-10,1548,L8,H,D
33.225062,-79.313701,015,037,1375,3707,2023-10-10,1548,L8,H,D
33.22531,-79.312087,015,037,1380,3706,2023-10-10,1548,L8,H,D
33.225315,-79.312409,015,037,1379,3706,2023-10-10,1548,L8,L,D
33.225319,-79.31273,015,037,1378,3706,2023-10-10,1548,L8,L,D
33.225324,-79.313052,015,037,1377,3706,2023-10-10,1548,L8,H,D
33.225328,-79.313374,015,037,1376,3706,2023-10-10,1548,L8,H,D
33.225332,-79.313696,015,037,1375,3706,2023-10-10,1548,L8,H,D
33.225581,-79.312082,015,037,1380,3705,2023-10-10,1548,L8,L,D
33.22559,-79.312725,015,037,1378,3705,2023-10-10,1548,L8,H,D
33.225594,-79.313047,015,037,1377,3705,2023-10-10,1548,L8,H,D
33.225598,-79.313369,015,037,1376,3705,2023-10-10,1548,L8,H,D
33.225847,-79.311755,015,037,1381,3704,2023-10-10,1548,L8,H,D
33.225856,-79.312398,015,037,1379,3704,2023-10-10,1548,L8,H,D
33.22586,-79.31272,015,037,1378,3704,2023-10-10,1548,L8,H,D
33.225865,-79.313042,015,037,1377,3704,2023-10-10,1548,L8,H,D
33.225869,-79.313364,015,037,1376,3704,2023-10-10,1548,L8,H,D
33.226104,-79.310784,015,037,1384,3703,2023-10-10,1548,L8,L,D
33.226109,-79.311106,015,037,1383,3703,2023-10-10,1548,L8,H,D
33.226113,-79.311427,015,037,1382,3703,2023-10-10,1548,L8,H,D
33.226118,-79.311749,015,037,1381,3703,2023-10-10,1548,L8,H,D
33.226122,-79.312071,015,037,1380,3703,2023-10-10,1548,L8,H,D
33.226126,-79.312393,015,037,1379,3703,2023-10-10,1548,L8,H,D
33.226131,-79.312715,015,037,1378,3703,2023-10-10,1548,L8,H,D
33.226135,-79.313037,015,037,1377,3703,2023-10-10,1548,L8,H,D
33.226375,-79.310779,015,037,1384,3702,2023-10-10,1548,L8,M,D
33.226379,-79.3111,015,037,1383,3702,2023-10-10,1548,L8,H,D
33.226384,-79.311422,015,037,1382,3702,2023-10-10,1548,L8,H,D
33.226388,-79.311744,015,037,1381,3702,2023-10-10,1548,L8,H,D
33.226392,-79.312066,015,037,1380,3702,2023-10-10,1548,L8,H,D
33.226397,-79.312388,015,037,1379,3702,2023-10-10,1548,L8,M,D
33.226401,-79.31271,015,037,1378,3702,2023-10-10,1548,L8,H,D
33.29794,-79.361593,015,037,1222,3440,2023-10-10,1548,L8,H,D
33.297944,-79.361915,015,037,1221,3440,2023-10-10,1548,L8,H,D
33.298211,-79.361588,015,037,1222,3439,2023-10-10,1548,L8,H,D
33.426664,-79.506956,015,037,764,2971,2023-10-10,1548,L8,H,D
33.426935,-79.506951,015,037,764,2970,2023-10-10,1548,L8,H,D
33.89563,-78.470209,015,037,3935,1175,2023-10-10,1548,L8,L,D
33.899698,-78.950818,015,037,2453,1193,2023-10-10,1548,L8,L,D
33.932017,-78.425004,015,037,4071,1037,2023-10-10,1548,L8,H,D
33.932288,-78.424996,015,037,4071,1036,2023-10-10,1548,L8,H,D
33.999398,-78.300549,015,037,4448,778,2023-10-10,1548,L8,H,D
33.999405,-78.300874,015,037,4447,778,2023-10-10,1548,L8,H,D
34.157149,-79.012623,015,037,2244,245,2023-10-10,1548,L8,H,D
26.803068,-80.637229,015,041,1879,6188,2023-10-10,1549,L8,H,D
26.803339,-80.637228,015,041,1879,6187,2023-10-10,1549,L8,H,D
26.804152,-80.637226,015,041,1879,6184,2023-10-10,1549,L8,H,D
26.804707,-80.642657,015,041,1861,6182,2023-10-10,1549,L8,L,D
27.042042,-80.356067,015,041,2806,5302,2023-10-10,1549,L8,H,D
27.042313,-80.356065,015,041,2806,5301,2023-10-10,1549,L8,H,D
27.062651,-80.304216,015,041,2977,5225,2023-10-10,1549,L8,M,D
27.132467,-80.291979,015,041,3016,4967,2023-10-10,1549,L8,H,D
27.132468,-80.292282,015,041,3015,4967,2023-10-10,1549,L8,H,D
27.132738,-80.291977,015,041,3016,4966,2023-10-10,1549,L8,H,D
27.350623,-80.440735,015,041,2521,4164,2023-10-10,1549,L8,L,D
27.350894,-80.440733,015,041,2521,4163,2023-10-10,1549,L8,L,D
27.351165,-80.440732,015,041,2521,4162,2023-10-10,1549,L8,H,D
27.446973,-80.493982,015,041,2344,3809,2023-10-10,1549,L8,H,D
43.241396,-88.741916,023,030,1543,3704,2023-10-10,1634,L9,H,D
43.500604,-88.677363,023,030,1737,2748,2023-10-10,1634,L9,H,D
43.500609,-88.676992,023,030,1738,2748,2023-10-10,1634,L9,H,D
43.500879,-88.677,023,030,1738,2747,2023-10-10,1634,L9,H,D
43.501117,-88.679233,023,030,1732,2746,2023-10-10,1634,L9,L,D
43.501149,-88.677007,023,030,1738,2746,2023-10-10,1634,L9,H,D
43.501414,-88.677386,023,030,1737,2745,2023-10-10,1634,L9,L,D
43.501943,-88.678143,023,030,1735,2743,2023-10-10,1634,L9,L,D
40.931548,-88.653816,023,031,2996,7008,2023-10-10,1635,L9,H,D
40.931818,-88.653822,023,031,2996,7007,2023-10-10,1635,L9,H,D
40.945858,-87.932092,023,031,5022,6985,2023-10-10,1635,L9,L,D
41.06644,-89.466954,023,031,728,6455,2023-10-10,1635,L9,L,D
41.112934,-89.376159,023,031,987,6290,2023-10-10,1635,L9,H,D
41.113199,-88.8288,023,031,2519,6326,2023-10-10,1635,L9,H,D
41.113205,-88.828443,023,031,2520,6326,2023-10-10,1635,L9,H,D
41.11347,-88.828807,023,031,2519,6325,2023-10-10,1635,L9,H,D
41.113475,-88.82845,023,031,2520,6325,2023-10-10,1635,L9,H,D
41.116469,-87.954155,023,031,4967,6353,2023-10-10,1635,L9,H,D
41.126795,-88.823459,023,031,2535,6276,2023-10-10,1635,L9,L,D
41.179922,-87.857787,023,031,5239,6121,2023-10-10,1635,L9,H,D
41.180192,-87.85779,023,031,5239,6120,2023-10-10,1635,L9,H,D
41.180195,-87.857433,023,031,5240,6120,2023-10-10,1635,L9,H,D
41.180462,-87.857794,023,031,5239,6119,2023-10-10,1635,L9,H,D
41.180465,-87.857436,023,031,5240,6119,2023-10-10,1635,L9,H,D
41.204408,-88.149007,023,031,4426,6021,2023-10-10,1635,L9,M,D
41.204411,-88.14865,023,031,4427,6021,2023-10-10,1635,L9,H,D
41.249505,-88.124733,023,031,4496,5855,2023-10-10,1635,L9,H,D
41.29288,-88.291726,023,031,4032,5688,2023-10-10,1635,L9,H,D
41.292884,-88.291367,023,031,4033,5688,2023-10-10,1635,L9,H,D
41.329944,-89.081483,023,031,1831,5508,2023-10-10,1635,L9,L,D
41.335806,-88.78052,023,031,2671,5505,2023-10-10,1635,L9,M,D
41.405873,-88.335595,023,031,3916,5268,2023-10-10,1635,L9,L,D
41.486352,-89.309988,023,031,1209,4913,2023-10-10,1635,L9,L,D
41.526858,-88.364689,023,031,3842,4819,2023-10-10,1635,L9,M,D
41.609385,-88.567686,023,031,3283,4504,2023-10-10,1635,L9,L,D
41.60939,-88.567327,023,031,3284,4504,2023-10-10,1635,L9,L,D
41.638233,-88.290315,023,031,4055,4410,2023-10-10,1635,L9,H,D
41.643622,-89.282101,023,031,1302,4333,2023-10-10,1635,L9,H,D
41.643892,-89.28211,023,031,1302,4332,2023-10-10,1635,L9,H,D
41.643899,-89.28175,023,031,1303,4332,2023-10-10,1635,L9,H,D
41.693506,-89.34082,023,031,1144,4144,2023-10-10,1635,L9,L,D
41.693769,-89.34119,023,031,1143,4143,2023-10-10,1635,L9,H,D
41.693776,-89.34083,023,031,1144,4143,2023-10-10,1635,L9,H,D
41.694039,-89.3412,023,031,1143,4142,2023-10-10,1635,L9,H,D
41.721166,-88.362301,023,031,3860,4100,2023-10-10,1635,L9,H,D
41.835022,-87.916338,023,031,5101,3695,2023-10-10,1635,L9,H,D
41.870372,-87.887922,023,031,5181,3565,2023-10-10,1635,L9,H,D
41.870374,-87.887561,023,031,5182,3565,2023-10-10,1635,L9,H,D
41.93897,-87.990927,023,031,4899,3308,2023-10-10,1635,L9,H,D
41.952683,-88.143527,023,031,4478,3252,2023-10-10,1635,L9,H,D
41.952687,-88.143165,023,031,4479,3252,2023-10-10,1635,L9,L,D
41.952953,-88.143532,023,031,4478,3251,2023-10-10,1635,L9,M,D
41.988475,-88.422311,023,031,3710,3108,2023-10-10,1635,L9,L,D
42.04835,-88.409146,023,031,3750,2887,2023-10-10,1635,L9,H,D
42.048615,-88.409515,023,031,3749,2886,2023-10-10,1635,L9,H,D
42.04862,-88.409152,023,031,3750,2886,2023-10-10,1635,L9,H,D
42.12136,-87.738988,023,031,5601,2640,2023-10-10,1635,L9,H,D
42.142703,-89.080314,023,031,1907,2500,2023-10-10,1635,L9,M,D
42.142709,-89.079951,023,031,1908,2500,2023-10-10,1635,L9,H,D
42.142973,-89.080323,023,031,1907,2499,2023-10-10,1635,L9,H,D
42.142979,-89.07996,023,031,1908,2499,2023-10-10,1635,L9,H,D
42.143249,-89.079969,023,031,1908,2498,2023-10-10,1635,L9,H,D
42.143665,-88.200689,023,031,4330,2543,2023-10-10,1635,L9,H,D
42.146741,-88.164441,023,031,4430,2533,2023-10-10,1635,L9,L,D
42.15501,-87.972866,023,031,4958,2509,2023-10-10,1635,L9,L,D
42.155013,-87.972503,023,031,4959,2509,2023-10-10,1635,L9,H,D
42.155283,-87.972507,023,031,4959,2508,2023-10-10,1635,L9,H,D
42.15652,-88.356349,023,031,3902,2489,2023-10-10,1635,L9,H,D
42.15679,-88.356355,023,031,3902,2488,2023-10-10,1635,L9,M,D
42.159495,-89.063071,023,031,1956,2439,2023-10-10,1635,L9,L,D
42.168072,-88.959118,023,031,2243,2414,2023-10-10,1635,L9,L,D
42.173413,-88.557933,023,031,3348,2417,2023-10-10,1635,L9,H,D
42.173418,-88.55757,023,031,3349,2417,2023-10-10,1635,L9,H,D
42.173683,-88.55794,023,031,3348,2416,2023-10-10,1635,L9,L,D
42.173688,-88.557577,023,031,3349,2416,2023-10-10,1635,L9,L,D
42.175393,-88.108665,023,031,4585,2429,2023-10-10,1635,L9,L,D
42.249728,-88.508171,023,031,3490,2137,2023-10-10,1635,L9,L,D
42.276783,-88.565934,023,031,3333,2034,2023-10-10,1635,L9,H,D
42.296164,-88.610085,023,031,3213,1960,2023-10-10,1635,L9,H,D
42.296434,-88.610092,023,031,3213,1959,2023-10-10,1635,L9,M,D
42.398134,-89.103314,023,031,1867,1553,2023-10-10,1635,L9,L,D
26.132892,-92.04004,023,042,6296,3342,2023-10-10,1639,L9,H,D
26.133163,-92.040038,023,042,6296,3341,2023-10-10,1639,L9,H,D
26.133165,-92.040338,023,042,6295,3341,2023-10-10,1639,L9,L,D
50.90162,-97.322497,031,024,2949,6893,2023-10-10,1721,L8,H,D
50.901626,-97.322924,031,024,2948,6893,2023-10-10,1721,L8,H,D
54.531906,-94.445166,031,022,6440,4075,2023-10-10,1721,L8,L,D
54.532175,-94.445175,031,022,6440,4074,2023-10-10,1721,L8,H,D
54.532181,-94.444712,031,022,6441,4074,2023-10-10,1721,L8,L,D
37.201142,-101.163493,031,034,6388,4751,2023-10-10,1725,L8,H,D
37.246869,-101.249408,031,034,6127,4592,2023-10-10,1725,L8,L,D
37.247139,-101.249395,031,034,6127,4591,2023-10-10,1725,L8,M,D
37.54049,-101.194001,031,034,6247,3499,2023-10-10,1725,L8,M,D
37.540749,-101.193648,031,034,6248,3498,2023-10-10,1725,L8,M,D
37.54076,-101.193987,031,034,6247,3498,2023-10-10,1725,L8,H,D
37.974568,-101.129673,031,034,6370,1885,2023-10-10,1725,L8,M,D
37.974677,-101.129679,031,033,5212,7459,2023-10-10,1725,L8,H,D
37.974838,-101.129659,031,034,6370,1884,2023-10-10,1725,L8,L,D
34.292299,-102.973595,031,036,3484,5033,2023-10-10,1726,L8,H,D
34.292305,-102.973921,031,036,3483,5033,2023-10-10,1726,L8,H,D
31.010963,-103.247735,031,039,6293,1226,2023-10-10,1727,L8,H,D
31.010963,-103.247735,031,038,5123,6546,2023-10-10,1727,L8,H,D
31.040082,-103.722465,031,039,4781,1139,2023-10-10,1727,L8,M,D
31.040082,-103.722465,031,038,3611,6459,2023-10-10,1727,L8,M,D
31.139144,-103.14407,031,038,5445,6067,2023-10-10,1727,L8,H,D
31.139149,-103.144385,031,038,5444,6067,2023-10-10,1727,L8,H,D
31.1578,-103.495231,031,038,4328,6015,2023-10-10,1727,L8,H,D
31.157804,-103.495546,031,038,4327,6015,2023-10-10,1727,L8,H,D
31.158075,-103.495541,031,038,4327,6014,2023-10-10,1727,L8,H,D
31.162914,-103.613177,031,038,3953,6001,2023-10-10,1727,L8,H,D
31.162917,-103.613491,031,038,3952,6001,2023-10-10,1727,L8,H,D
31.210063,-103.071528,031,038,5671,5801,2023-10-10,1727,L8,H,D
31.210068,-103.071843,031,038,5670,5801,2023-10-10,1727,L8,H,D
31.214381,-103.617149,031,038,3938,5811,2023-10-10,1727,L8,H,D
31.215723,-103.341586,031,038,4813,5794,2023-10-10,1727,L8,H,D
31.21599,-103.341267,031,038,4814,5793,2023-10-10,1727,L8,H,D
31.215994,-103.341581,031,038,4813,5793,2023-10-10,1727,L8,H,D
31.216265,-103.341577,031,038,4813,5792,2023-10-10,1727,L8,L,D
31.319013,-103.657867,031,038,3804,5426,2023-10-10,1727,L8,H,D
31.319283,-103.657864,031,038,3804,5425,2023-10-10,1727,L8,H,D
31.325722,-103.007702,031,038,5866,5370,2023-10-10,1727,L8,H,D
31.325993,-103.007696,031,038,5866,5369,2023-10-10,1727,L8,H,D
31.375573,-103.606592,031,038,3964,5215,2023-10-10,1727,L8,H,D
31.375843,-103.606588,031,038,3964,5214,2023-10-10,1727,L8,H,D
31.38314,-103.630772,031,038,3887,5188,2023-10-10,1727,L8,H,D
31.384471,-103.373959,031,038,4701,5172,2023-10-10,1727,L8,H,D
31.384475,-103.374274,031,038,4700,5172,2023-10-10,1727,L8,H,D
31.384741,-103.373954,031,038,4701,5171,2023-10-10,1727,L8,H,D
31.42277,-103.183002,031,038,5304,5021,2023-10-10,1727,L8,H,D
31.422774,-103.183317,031,038,5303,5021,2023-10-10,1727,L8,H,D
31.422779,-103.183633,031,038,5302,5021,2023-10-10,1727,L8,H,D
31.423054,-103.183943,031,038,5301,5020,2023-10-10,1727,L8,H,D
31.42332,-103.183622,031,038,5302,5019,2023-10-10,1727,L8,H,D
31.423325,-103.183938,031,038,5301,5019,2023-10-10,1727,L8,H,D
31.423591,-103.183617,031,038,5302,5018,2023-10-10,1727,L8,H,D
31.423595,-103.183932,031,038,5301,5018,2023-10-10,1727,L8,H,D
31.431031,-103.555587,031,038,4123,5008,2023-10-10,1727,L8,H,D
31.493115,-103.71824,031,038,3605,4785,2023-10-10,1727,L8,H,D
31.493119,-103.718556,031,038,3604,4785,2023-10-10,1727,L8,H,D
31.493386,-103.718237,031,038,3605,4784,2023-10-10,1727,L8,H,D
31.493389,-103.718552,031,038,3604,4784,2023-10-10,1727,L8,H,D
31.527861,-102.973094,031,038,5962,4621,2023-10-10,1727,L8,H,D
31.574506,-103.765811,031,038,3451,4486,2023-10-10,1727,L8,H,D
31.57783,-103.990229,031,038,2741,4481,2023-10-10,1727,L8,H,D
31.590915,-103.701094,031,038,3655,4423,2023-10-10,1727,L8,H,D
31.592383,-103.217022,031,038,5186,4396,2023-10-10,1727,L8,H,D
31.592649,-103.216701,031,038,5187,4395,2023-10-10,1727,L8,H,D
31.592919,-103.216696,031,038,5187,4394,2023-10-10,1727,L8,H,D
31.592924,-103.217012,031,038,5186,4394,2023-10-10,1727,L8,H,D
31.600695,-103.43851,031,038,4485,4376,2023-10-10,1727,L8,H,D
31.618655,-103.360096,031,038,4732,4306,2023-10-10,1727,L8,H,D
31.618922,-103.359775,031,038,4733,4305,2023-10-10,1727,L8,H,D
31.618934,-103.360724,031,038,4730,4305,2023-10-10,1727,L8,H,D
31.619205,-103.360719,031,038,4730,4304,2023-10-10,1727,L8,H,D
31.619471,-103.360398,031,038,4731,4303,2023-10-10,1727,L8,H,D
31.619876,-103.268046,031,038,5023,4297,2023-10-10,1727,L8,H,D
31.620142,-103.267725,031,038,5024,4296,2023-10-10,1727,L8,H,D
31.620146,-103.268041,031,038,5023,4296,2023-10-10,1727,L8,H,D
31.623874,-103.69526,031,038,3672,4301,2023-10-10,1727,L8,H,D
31.624141,-103.694939,031,038,3673,4300,2023-10-10,1727,L8,H,D
31.624144,-103.695256,031,038,3672,4300,2023-10-10,1727,L8,H,D
31.641132,-103.663068,031,038,3773,4236,2023-10-10,1727,L8,H,D
31.718809,-103.588184,031,038,4006,3946,2023-10-10,1727,L8,H,D
31.735888,-103.956533,031,038,2842,3896,2023-10-10,1727,L8,H,D
31.735891,-103.956849,031,038,2841,3896,2023-10-10,1727,L8,H,D
31.736159,-103.95653,031,038,2842,3895,2023-10-10,1727,L8,H,D
31.736162,-103.956846,031,038,2841,3895,2023-10-10,1727,L8,H,D
31.776355,-103.628812,031,038,3875,3735,2023-10-10,1727,L8,L,D
31.786414,-103.684427,031,038,3699,3700,2023-10-10,1727,L8,L,D
31.797077,-103.926692,031,038,2934,3669,2023-10-10,1727,L8,L,D
31.797135,-103.870919,031,038,3110,3667,2023-10-10,1727,L8,H,D
31.807953,-103.900895,031,038,3015,3628,2023-10-10,1727,L8,H,D
31.808223,-103.900892,031,038,3015,3627,2023-10-10,1727,L8,L,D
31.809035,-103.900882,031,038,3015,3624,2023-10-10,1727,L8,H,D
31.810115,-103.900553,031,038,3016,3620,2023-10-10,1727,L8,L,D
31.810118,-103.900869,031,038,3015,3620,2023-10-10,1727,L8,H,D
31.832405,-103.488191,031,038,4316,3522,2023-10-10,1727,L8,H,D
31.833915,-103.478657,031,038,4346,3516,2023-10-10,1727,L8,H,D
31.890431,-103.387331,031,038,4631,3303,2023-10-10,1727,L8,H,D
31.91226,-103.490059,031,038,4306,3227,2023-10-10,1727,L8,H,D
31.978469,-103.755989,031,038,3465,2993,2023-10-10,1727,L8,H,D
31.981725,-102.634304,031,038,6998,2922,2023-10-10,1727,L8,H,D
32.002158,-103.888104,031,038,3048,2910,2023-10-10,1727,L8,H,D
32.002429,-103.8881,031,038,3048,2909,2023-10-10,1727,L8,H,D
32.047619,-103.770306,031,038,3417,2738,2023-10-10,1727,L8,H,D
32.065568,-103.391574,031,038,4608,2656,2023-10-10,1727,L8,H,D
32.100927,-103.742251,031,038,3503,2540,2023-10-10,1727,L8,H,D
32.136644,-103.612316,031,038,3910,2403,2023-10-10,1727,L8,H,D
32.150516,-103.570118,031,038,4042,2350,2023-10-10,1727,L8,H,D
32.15396,-103.58756,031,038,3987,2338,2023-10-10,1727,L8,H,D
32.161657,-102.522165,031,038,7336,2249,2023-10-10,1727,L8,H,D
32.161657,-102.522165,031,037,6186,7559,2023-10-10,1727,L8,H,D
32.192529,-103.576144,031,038,4021,2195,2023-10-10,1727,L8,H,D
32.193067,-103.575818,031,038,4022,2193,2023-10-10,1727,L8,H,D
32.19307,-103.576136,031,038,4021,2193,2023-10-10,1727,L8,H,D
32.206548,-104.063238,031,038,2490,2160,2023-10-10,1727,L8,H,D
32.207263,-103.661534,031,038,3752,2144,2023-10-10,1727,L8,H,D
32.207534,-103.66153,031,038,3752,2143,2023-10-10,1727,L8,H,D
32.21345,-103.850206,031,038,3159,2128,2023-10-10,1727,L8,H,D
32.215754,-103.524852,031,038,4181,2107,2023-10-10,1727,L8,L,D
32.215758,-103.525171,031,038,4180,2107,2023-10-10,1727,L8,L,D
32.219702,-102.52982,031,038,7307,2035,2023-10-10,1727,L8,H,D
32.221477,-103.528262,031,038,4170,2086,2023-10-10,1727,L8,H,D
32.266702,-104.111035,031,038,2338,1939,2023-10-10,1727,L8,H,D
32.266704,-104.111353,031,038,2337,1939,2023-10-10,1727,L8,H,D
32.294832,-103.55352,031,038,4087,1816,2023-10-10,1727,L8,H,D
32.300118,-102.5751,031,038,7158,1741,2023-10-10,1727,L8,H,D
32.300118,-102.5751,031,037,6008,7051,2023-10-10,1727,L8,H,D
32.301775,-103.545445,031,038,4112,1790,2023-10-10,1727,L8,H,D
32.338228,-103.712522,031,038,3586,1662,2023-10-10,1727,L8,H,D
32.41461,-103.410611,031,037,3379,6677,2023-10-10,1727,L8,H,D
32.41461,-103.410611,031,038,4529,1367,2023-10-10,1727,L8,H,D
32.414889,-103.411244,031,038,4527,1366,2023-10-10,1727,L8,H,D
32.415152,-103.410602,031,038,4529,1365,2023-10-10,1727,L8,H,D
32.415152,-103.410602,031,037,3379,6675,2023-10-10,1727,L8,H,D
32.415156,-103.410921,031,037,3378,6675,2023-10-10,1727,L8,H,D
32.415156,-103.410921,031,038,4528,1365,2023-10-10,1727,L8,H,D
32.421514,-103.143792,031,037,4215,6638,2023-10-10,1727,L8,H,D
32.421514,-103.143792,031,038,5365,1328,2023-10-10,1727,L8,H,D
32.471143,-103.40898,031,038,4531,1158,2023-10-10,1727,L8,H,D
32.471143,-103.40898,031,037,3381,6468,2023-10-10,1727,L8,H,D
32.595438,-104.222888,031,038,1978,727,2023-10-10,1727,L8,H,D
32.595438,-104.222888,031,037,828,6037,2023-10-10,1727,L8,H,D
32.649077,-104.189158,031,037,932,5838,2023-10-10,1727,L8,H,D
32.649077,-104.189158,031,038,2082,528,2023-10-10,1727,L8,H,D
32.700064,-102.622888,031,037,5825,5576,2023-10-10,1727,L8,H,D
32.701897,-104.155714,031,038,2185,332,2023-10-10,1727,L8,H,D
32.701897,-104.155714,031,037,1035,5642,2023-10-10,1727,L8,H,D
32.727378,-102.709537,031,037,5552,5481,2023-10-10,1727,L8,L,D
32.727648,-102.709531,031,037,5552,5480,2023-10-10,1727,L8,L,D
32.727654,-102.70985,031,037,5551,5480,2023-10-10,1727,L8,H,D
32.812708,-103.778142,031,037,2210,5221,2023-10-10,1727,L8,H,D
32.817395,-103.401555,031,037,3385,5188,2023-10-10,1727,L8,H,D
33.168865,-102.957702,031,037,4745,3865,2023-10-10,1727,L8,H,D
33.168871,-102.958024,031,037,4744,3865,2023-10-10,1727,L8,H,D
33.169136,-102.957696,031,037,4745,3864,2023-10-10,1727,L8,H,D
33.169141,-102.958018,031,037,4744,3864,2023-10-10,1727,L8,H,D
33.208574,-102.276835,031,037,6858,3670,2023-10-10,1727,L8,H,D
33.208581,-102.277157,031,037,6857,3670,2023-10-10,1727,L8,H,D
33.208844,-102.276827,031,037,6858,3669,2023-10-10,1727,L8,L,D
33.273611,-102.597474,031,037,5856,3454,2023-10-10,1727,L8,H,D
33.273617,-102.597796,031,037,5855,3454,2023-10-10,1727,L8,H,D
33.610003,-103.03562,031,037,4472,2239,2023-10-10,1727,L8,H,D
52.726057,-107.35372,039,023,6774,5206,2023-10-10,1810,L9,H,D
52.735568,-108.966331,039,023,3144,5314,2023-10-10,1810,L9,H,D
52.906247,-108.311854,039,023,4593,4633,2023-10-10,1810,L9,M,D
52.906516,-108.311837,039,023,4593,4632,2023-10-10,1810,L9,M,D
53.259081,-109.940964,039,023,922,3420,2023-10-10,1810,L9,H,D
53.259351,-109.940957,039,023,922,3419,2023-10-10,1810,L9,H,D
53.264002,-109.948489,039,023,905,3402,2023-10-10,1810,L9,M,D
53.265041,-109.943965,039,023,915,3398,2023-10-10,1810,L9,M,D
53.523672,-107.629144,039,023,6015,2280,2023-10-10,1810,L9,H,D
53.523929,-107.628671,039,023,6016,2279,2023-10-10,1810,L9,H,D
53.523941,-107.629123,039,023,6015,2279,2023-10-10,1810,L9,H,D
54.048461,-109.603894,039,023,1614,480,2023-10-10,1810,L9,M,D
54.048485,-109.603794,039,022,343,5613,2023-10-10,1810,L9,H,D
54.14212,-108.386632,039,022,3014,5416,2023-10-10,1810,L9,L,D
54.142402,-108.386196,039,022,3015,5415,2023-10-10,1810,L9,L,D
55.79743,-106.70178,039,021,5081,4549,2023-10-10,1810,L9,M,D
49.839338,-111.426462,039,025,235,5592,2023-10-10,1811,L9,H,D
49.839609,-111.426048,039,025,236,5591,2023-10-10,1811,L9,H,D
49.839611,-111.42563,039,025,237,5591,2023-10-10,1811,L9,H,D
49.839879,-111.42605,039,025,236,5590,2023-10-10,1811,L9,H,D
49.840687,-111.426474,039,025,235,5587,2023-10-10,1811,L9,M,D
50.018704,-111.099317,039,025,1020,4930,2023-10-10,1811,L9,L,D
50.679157,-110.020053,039,025,3565,2467,2023-10-10,1811,L9,H,D
50.679299,-110.037035,039,025,3525,2467,2023-10-10,1811,L9,H,D
51.506788,-109.73309,039,024,2828,4649,2023-10-10,1811,L9,H,D
51.546468,-109.66233,039,024,2989,4499,2023-10-10,1811,L9,H,D
51.546737,-109.662322,039,024,2989,4498,2023-10-10,1811,L9,H,D
51.651603,-108.978358,039,024,4559,4073,2023-10-10,1811,L9,H,D
51.651872,-108.978346,039,024,4559,4072,2023-10-10,1811,L9,H,D
51.82574,-109.875221,039,024,2481,3472,2023-10-10,1811,L9,L,D
51.832628,-109.48014,039,024,3388,3430,2023-10-10,1811,L9,H,D
51.832633,-109.480575,039,024,3387,3430,2023-10-10,1811,L9,H,D
51.834186,-109.298513,039,024,3805,3415,2023-10-10,1811,L9,H,D
51.858928,-109.848254,039,024,2541,3348,2023-10-10,1811,L9,H,D
52.17199,-109.058388,039,024,4323,2149,2023-10-10,1811,L9,H,D
52.172188,-109.053992,039,024,4333,2148,2023-10-10,1811,L9,H,D
52.17226,-109.058377,039,024,4323,2148,2023-10-10,1811,L9,H,D
52.172267,-109.058815,039,024,4322,2148,2023-10-10,1811,L9,H,D
52.172457,-109.05398,039,024,4333,2147,2023-10-10,1811,L9,H,D
52.17253,-109.058365,039,024,4323,2147,2023-10-10,1811,L9,H,D
52.172537,-109.058803,039,024,4322,2147,2023-10-10,1811,L9,H,D
52.172727,-109.053969,039,024,4333,2146,2023-10-10,1811,L9,H,D
52.172734,-109.054407,039,024,4332,2146,2023-10-10,1811,L9,H,D
52.172996,-109.053957,039,024,4333,2145,2023-10-10,1811,L9,H,D
52.173004,-109.054395,039,024,4332,2145,2023-10-10,1811,L9,H,D
45.710038,-111.219372,039,028,4828,5152,2023-10-10,1812,L9,L,D
46.515279,-112.302372,039,028,2067,2143,2023-10-10,1812,L9,H,D
46.515283,-112.301981,039,028,2068,2143,2023-10-10,1812,L9,H,D
46.515288,-112.30159,039,028,2069,2143,2023-10-10,1812,L9,H,D
46.515292,-112.301199,039,028,2070,2143,2023-10-10,1812,L9,L,D
46.515549,-112.302378,039,028,2067,2142,2023-10-10,1812,L9,H,D
46.515553,-112.301987,039,028,2068,2142,2023-10-10,1812,L9,H,D
46.515558,-112.301596,039,028,2069,2142,2023-10-10,1812,L9,H,D
46.515562,-112.301205,039,028,2070,2142,2023-10-10,1812,L9,H,D
46.515567,-112.300814,039,028,2071,2142,2023-10-10,1812,L9,H,D
46.515819,-112.302385,039,028,2067,2141,2023-10-10,1812,L9,L,D
46.515823,-112.301994,039,028,2068,2141,2023-10-10,1812,L9,H,D
46.515828,-112.301603,039,028,2069,2141,2023-10-10,1812,L9,H,D
46.515832,-112.301212,039,028,2070,2141,2023-10-10,1812,L9,H,D
46.515836,-112.300821,039,028,2071,2141,2023-10-10,1812,L9,H,D
46.515841,-112.30043,039,028,2072,2141,2023-10-10,1812,L9,L,D
46.516093,-112.302,039,028,2068,2140,2023-10-10,1812,L9,H,D
46.516097,-112.301609,039,028,2069,2140,2023-10-10,1812,L9,H,D
46.516102,-112.301218,039,028,2070,2140,2023-10-10,1812,L9,H,D
46.516106,-112.300827,039,028,2071,2140,2023-10-10,1812,L9,H,D
46.516111,-112.300436,039,028,2072,2140,2023-10-10,1812,L9,H,D
46.516115,-112.300045,039,028,2073,2140,2023-10-10,1812,L9,L,D
46.516372,-112.301225,039,028,2070,2139,2023-10-10,1812,L9,H,D
46.516376,-112.300834,039,028,2071,2139,2023-10-10,1812,L9,H,D
46.516381,-112.300443,039,028,2072,2139,2023-10-10,1812,L9,H,D
46.516385,-112.300052,039,028,2073,2139,2023-10-10,1812,L9,H,D
46.51639,-112.299661,039,028,2074,2139,2023-10-10,1812,L9,L,D
46.516646,-112.30084,039,028,2071,2138,2023-10-10,1812,L9,L,D
46.516651,-112.300449,039,028,2072,2138,2023-10-10,1812,L9,H,D
46.516655,-112.300058,039,028,2073,2138,2023-10-10,1812,L9,H,D
46.51666,-112.299667,039,028,2074,2138,2023-10-10,1812,L9,H,D
46.516921,-112.300455,039,028,2072,2137,2023-10-10,1812,L9,H,D
46.516925,-112.300064,039,028,2073,2137,2023-10-10,1812,L9,H,D
46.51719,-112.300462,039,028,2072,2136,2023-10-10,1812,L9,H,D
46.517195,-112.300071,039,028,2073,2136,2023-10-10,1812,L9,H,D
46.517398,-112.305942,039,028,2058,2135,2023-10-10,1812,L9,H,D
46.517402,-112.305551,039,028,2059,2135,2023-10-10,1812,L9,H,D
46.517407,-112.30516,039,028,2060,2135,2023-10-10,1812,L9,L,D
46.517668,-112.305949,039,028,2058,2134,2023-10-10,1812,L9,L,D
46.517672,-112.305558,039,028,2059,2134,2023-10-10,1812,L9,H,D
46.517677,-112.305167,039,028,2060,2134,2023-10-10,1812,L9,H,D
46.517681,-112.304776,039,028,2061,2134,2023-10-10,1812,L9,H,D
46.517686,-112.304385,039,028,2062,2134,2023-10-10,1812,L9,H,D
46.51769,-112.303994,039,028,2063,2134,2023-10-10,1812,L9,H,D
46.517942,-112.305564,039,028,2059,2133,2023-10-10,1812,L9,H,D
46.517947,-112.305173,039,028,2060,2133,2023-10-10,1812,L9,H,D
46.517951,-112.304782,039,028,2061,2133,2023-10-10,1812,L9,H,D
46.517956,-112.304391,039,028,2062,2133,2023-10-10,1812,L9,H,D
46.51796,-112.304,039,028,2063,2133,2023-10-10,1812,L9,H,D
46.517965,-112.303609,039,028,2064,2133,2023-10-10,1812,L9,H,D
46.518217,-112.30518,039,028,2060,2132,2023-10-10,1812,L9,H,D
46.518221,-112.304789,039,028,2061,2132,2023-10-10,1812,L9,H,D
46.518226,-112.304398,039,028,2062,2132,2023-10-10,1812,L9,H,D
46.51823,-112.304007,039,028,2063,2132,2023-10-10,1812,L9,H,D
46.518235,-112.303616,039,028,2064,2132,2023-10-10,1812,L9,H,D
46.518239,-112.303225,039,028,2065,2132,2023-10-10,1812,L9,H,D
46.518496,-112.304404,039,028,2062,2131,2023-10-10,1812,L9,H,D
46.5185,-112.304013,039,028,2063,2131,2023-10-10,1812,L9,H,D
46.518504,-112.303622,039,028,2064,2131,2023-10-10,1812,L9,H,D
49.839338,-111.426462,039,026,1605,342,2023-10-10,1812,L9,H,D
49.839609,-111.426048,039,026,1606,341,2023-10-10,1812,L9,H,D
49.839611,-111.42563,039,026,1607,341,2023-10-10,1812,L9,H,D
49.839879,-111.42605,039,026,1606,340,2023-10-10,1812,L9,H,D
49.840687,-111.426474,039,026,1605,337,2023-10-10,1812,L9,M,D
42.685269,-111.591468,039,030,6612,5856,2023-10-10,1813,L9,H,D
42.685271,-111.591102,039,030,6613,5856,2023-10-10,1813,L9,H,D
42.685273,-111.590736,039,030,6614,5856,2023-10-10,1813,L9,M,D
42.685536,-111.592203,039,030,6610,5855,2023-10-10,1813,L9,H,D
42.685537,-111.591837,039,030,6611,5855,2023-10-10,1813,L9,H,D
42.685539,-111.591471,039,030,6612,5855,2023-10-10,1813,L9,H,D
42.685541,-111.591105,039,030,6613,5855,2023-10-10,1813,L9,H,D
42.685543,-111.590738,039,030,6614,5855,2023-10-10,1813,L9,H,D
42.685545,-111.590372,039,030,6615,5855,2023-10-10,1813,L9,H,D
42.685547,-111.590006,039,030,6616,5855,2023-10-10,1813,L9,H,D
42.685806,-111.592206,039,030,6610,5854,2023-10-10,1813,L9,L,D
42.685808,-111.59184,039,030,6611,5854,2023-10-10,1813,L9,H,D
42.685809,-111.591473,039,030,6612,5854,2023-10-10,1813,L9,H,D
42.685811,-111.591107,039,030,6613,5854,2023-10-10,1813,L9,H,D
42.685813,-111.590741,039,030,6614,5854,2023-10-10,1813,L9,H,D
42.685817,-111.590009,039,030,6616,5854,2023-10-10,1813,L9,H,D
42.687716,-111.588562,039,030,6620,5847,2023-10-10,1813,L9,H,D
42.687718,-111.588196,039,030,6621,5847,2023-10-10,1813,L9,H,D
42.687986,-111.588564,039,030,6620,5846,2023-10-10,1813,L9,M,D
42.687988,-111.588198,039,030,6621,5846,2023-10-10,1813,L9,H,D
42.688256,-111.588567,039,030,6620,5845,2023-10-10,1813,L9,M,D
42.688258,-111.588201,039,030,6621,5845,2023-10-10,1813,L9,M,D
42.927557,-112.107354,039,030,5215,4945,2023-10-10,1813,L9,M,D
42.927561,-112.106987,039,030,5216,4945,2023-10-10,1813,L9,M,D
42.927565,-112.106619,039,030,5217,4945,2023-10-10,1813,L9,L,D
42.927831,-112.106992,039,030,5216,4944,2023-10-10,1813,L9,M,D
42.927835,-112.106624,039,030,5217,4944,2023-10-10,1813,L9,M,D
42.976796,-112.802858,039,030,3327,4730,2023-10-10,1813,L9,M,D
42.976802,-112.80249,039,030,3328,4730,2023-10-10,1813,L9,H,D
42.977255,-112.808022,039,030,3313,4728,2023-10-10,1813,L9,H,D
42.977261,-112.807654,039,030,3314,4728,2023-10-10,1813,L9,M,D
42.977302,-112.80508,039,030,3321,4728,2023-10-10,1813,L9,M,D
42.977519,-112.808398,039,030,3312,4727,2023-10-10,1813,L9,M,D
42.977525,-112.80803,039,030,3313,4727,2023-10-10,1813,L9,H,D
42.977531,-112.807662,039,030,3314,4727,2023-10-10,1813,L9,M,D
42.977566,-112.805456,039,030,3320,4727,2023-10-10,1813,L9,M,D
42.977572,-112.805088,039,030,3321,4727,2023-10-10,1813,L9,H,D
42.977635,-112.801043,039,030,3332,4727,2023-10-10,1813,L9,M,D
42.977641,-112.800675,039,030,3333,4727,2023-10-10,1813,L9,H,D
42.977647,-112.800307,039,030,3334,4727,2023-10-10,1813,L9,M,D
42.977824,-112.806199,039,030,3318,4726,2023-10-10,1813,L9,H,D
42.97783,-112.805831,039,030,3319,4726,2023-10-10,1813,L9,L,D
42.977836,-112.805464,039,030,3320,4726,2023-10-10,1813,L9,M,D
42.978094,-112.806207,039,030,3318,4725,2023-10-10,1813,L9,H,D
42.9781,-112.805839,039,030,3319,4725,2023-10-10,1813,L9,H,D
42.978106,-112.805471,039,030,3320,4725,2023-10-10,1813,L9,M,D
42.97837,-112.805847,039,030,3319,4724,2023-10-10,1813,L9,L,D
42.978445,-112.801066,039,030,3332,4724,2023-10-10,1813,L9,M,D
42.979227,-112.802929,039,030,3327,4721,2023-10-10,1813,L9,M,D
42.979497,-112.802937,039,030,3327,4720,2023-10-10,1813,L9,M,D
42.97999,-112.805894,039,030,3319,4718,2023-10-10,1813,L9,L,D
42.980037,-112.802952,039,030,3327,4718,2023-10-10,1813,L9,H,D
42.980077,-112.800378,039,030,3334,4718,2023-10-10,1813,L9,M,D
42.980089,-112.799643,039,030,3336,4718,2023-10-10,1813,L9,L,D
42.98026,-112.805902,039,030,3319,4717,2023-10-10,1813,L9,L,D
42.980272,-112.805167,039,030,3321,4717,2023-10-10,1813,L9,L,D
42.980307,-112.80296,039,030,3327,4717,2023-10-10,1813,L9,M,D
42.980347,-112.800386,039,030,3334,4717,2023-10-10,1813,L9,L,D
43.037707,-112.386648,039,030,4462,4526,2023-10-10,1813,L9,H,D
43.037977,-112.386654,039,030,4462,4525,2023-10-10,1813,L9,H,D
43.30924,-112.551499,039,030,4033,3513,2023-10-10,1813,L9,H,D
43.691185,-112.025264,039,029,4053,7361,2023-10-10,1813,L9,H,D
43.691185,-112.025264,039,030,5473,2121,2023-10-10,1813,L9,H,D
44.003736,-111.423667,039,029,5675,6218,2023-10-10,1813,L9,L,D
44.479899,-111.493869,039,029,5498,4454,2023-10-10,1813,L9,M,D
44.480711,-111.493499,039,029,5499,4451,2023-10-10,1813,L9,L,D
44.480981,-111.493501,039,029,5499,4450,2023-10-10,1813,L9,M,D
44.481244,-111.495012,039,029,5495,4449,2023-10-10,1813,L9,M,D
44.481251,-111.493504,039,029,5499,4449,2023-10-10,1813,L9,M,D
44.481514,-111.495015,039,029,5495,4448,2023-10-10,1813,L9,H,D
44.481516,-111.494638,039,029,5496,4448,2023-10-10,1813,L9,H,D
44.481521,-111.493506,039,029,5499,4448,2023-10-10,1813,L9,M,D
44.481523,-111.493129,039,029,5500,4448,2023-10-10,1813,L9,M,D
44.481784,-111.495017,039,029,5495,4447,2023-10-10,1813,L9,H,D
44.481786,-111.49464,039,029,5496,4447,2023-10-10,1813,L9,H,D
44.481788,-111.494263,039,029,5497,4447,2023-10-10,1813,L9,L,D
44.481791,-111.493508,039,029,5499,4447,2023-10-10,1813,L9,H,D
44.481793,-111.493131,039,029,5500,4447,2023-10-10,1813,L9,M,D
44.482056,-111.494642,039,029,5496,4446,2023-10-10,1813,L9,H,D
44.482058,-111.494265,039,029,5497,4446,2023-10-10,1813,L9,H,D
44.482878,-111.492008,039,029,5503,4443,2023-10-10,1813,L9,H,D
44.482879,-111.491631,039,029,5504,4443,2023-10-10,1813,L9,H,D
44.483148,-111.49201,039,029,5503,4442,2023-10-10,1813,L9,H,D
44.483411,-111.493522,039,029,5499,4441,2023-10-10,1813,L9,H,D
44.483418,-111.492013,039,029,5503,4441,2023-10-10,1813,L9,H,D
44.48342,-111.491635,039,029,5504,4441,2023-10-10,1813,L9,H,D
44.48368,-111.493901,039,029,5498,4440,2023-10-10,1813,L9,M,D
44.483686,-111.492392,039,029,5502,4440,2023-10-10,1813,L9,M,D
44.483688,-111.492015,039,029,5503,4440,2023-10-10,1813,L9,H,D
44.48369,-111.491638,039,029,5504,4440,2023-10-10,1813,L9,H,D
44.483948,-111.494281,039,029,5497,4439,2023-10-10,1813,L9,M,D
44.48395,-111.493904,039,029,5498,4439,2023-10-10,1813,L9,L,D
44.483958,-111.492017,039,029,5503,4439,2023-10-10,1813,L9,M,D
44.484217,-111.49466,039,029,5496,4438,2023-10-10,1813,L9,H,D
44.484218,-111.494283,039,029,5497,4438,2023-10-10,1813,L9,H,D
44.484487,-111.494663,039,029,5496,4437,2023-10-10,1813,L9,H,D
44.484488,-111.494285,039,029,5497,4437,2023-10-10,1813,L9,H,D
44.485831,-111.496183,039,029,5492,4432,2023-10-10,1813,L9,H,D
44.485832,-111.495806,039,029,5493,4432,2023-10-10,1813,L9,M,D
44.486101,-111.496185,039,029,5492,4431,2023-10-10,1813,L9,H,D
44.486102,-111.495808,039,029,5493,4431,2023-10-10,1813,L9,M,D
44.486371,-111.496188,039,029,5492,4430,2023-10-10,1813,L9,H,D
44.486911,-111.496192,039,029,5492,4428,2023-10-10,1813,L9,H,D
44.487179,-111.496572,039,029,5491,4427,2023-10-10,1813,L9,H,D
44.487181,-111.496195,039,029,5492,4427,2023-10-10,1813,L9,H,D
44.487449,-111.496574,039,029,5491,4426,2023-10-10,1813,L9,H,D
44.487451,-111.496197,039,029,5492,4426,2023-10-10,1813,L9,L,D
44.488536,-111.495074,039,029,5495,4422,2023-10-10,1813,L9,M,D
44.48881,-111.494322,039,029,5497,4421,2023-10-10,1813,L9,M,D
41.283829,-112.124248,039,031,6519,5788,2023-10-10,1814,L9,H,D
41.283832,-112.12389,039,031,6520,5788,2023-10-10,1814,L9,H,D
41.537418,-112.111726,039,031,6566,4850,2023-10-10,1814,L9,L,D
41.622378,-112.071411,039,031,6682,4537,2023-10-10,1814,L9,H,D
41.622648,-112.071415,039,031,6682,4536,2023-10-10,1814,L9,H,D
41.622651,-112.071055,039,031,6683,4536,2023-10-10,1814,L9,L,D
42.022219,-111.815747,039,031,7406,3065,2023-10-10,1814,L9,H,D
42.346719,-113.812505,039,031,1935,1747,2023-10-10,1814,L9,M,D
42.346989,-113.812517,039,031,1935,1746,2023-10-10,1814,L9,H,D
36.031466,-114.767176,039,035,3983,3879,2023-10-10,1815,L9,H,D
36.031736,-114.767168,039,035,3983,3878,2023-10-10,1815,L9,M,D
36.031743,-114.767501,039,035,3982,3878,2023-10-10,1815,L9,H,D
36.094908,-115.176213,039,035,2750,3670,2023-10-10,1815,L9,H,D
36.095179,-115.176206,039,035,2750,3669,2023-10-10,1815,L9,H,D
36.132769,-115.039324,039,035,3158,3522,2023-10-10,1815,L9,H,D
36.236224,-115.116188,039,035,2920,3144,2023-10-10,1815,L9,L,D
31.320826,-115.70261,039,038,4862,5411,2023-10-10,1816,L9,H,D
31.321097,-115.702606,039,038,4862,5410,2023-10-10,1816,L9,H,D
31.899267,-116.465149,039,038,2433,3294,2023-10-10,1816,L9,M,D
32.093189,-116.572436,039,038,2092,2579,2023-10-10,1816,L9,H,D
32.093459,-116.572434,039,038,2092,2578,2023-10-10,1816,L9,H,D
32.259695,-115.296444,039,037,4926,7234,2023-10-10,1816,L9,H,D
32.259695,-115.296444,039,038,6096,1924,2023-10-10,1816,L9,H,D
32.259961,-115.296121,039,037,4927,7233,2023-10-10,1816,L9,H,D
32.259961,-115.296121,039,038,6097,1923,2023-10-10,1816,L9,H,D
32.259965,-115.296439,039,037,4926,7233,2023-10-10,1816,L9,H,D
32.259965,-115.296439,039,038,6096,1923,2023-10-10,1816,L9,H,D
32.279417,-115.086495,039,038,6754,1840,2023-10-10,1816,L9,L,D
32.279417,-115.086495,039,037,5584,7150,2023-10-10,1816,L9,L,D
32.302726,-115.125191,039,037,5461,7066,2023-10-10,1816,L9,H,D
32.302726,-115.125191,039,038,6631,1756,2023-10-10,1816,L9,H,D
32.30274,-115.126147,039,037,5458,7066,2023-10-10,1816,L9,H,D
32.30274,-115.126147,039,038,6628,1756,2023-10-10,1816,L9,H,D
32.303006,-115.125823,039,038,6629,1755,2023-10-10,1816,L9,M,D
32.303006,-115.125823,039,037,5459,7065,2023-10-10,1816,L9,M,D
32.303011,-115.126141,039,037,5458,7065,2023-10-10,1816,L9,H,D
32.303011,-115.126141,039,038,6628,1755,2023-10-10,1816,L9,H,D
32.303015,-115.12646,039,038,6627,1755,2023-10-10,1816,L9,H,D
32.303015,-115.12646,039,037,5457,7065,2023-10-10,1816,L9,H,D
32.303281,-115.126136,039,038,6628,1754,2023-10-10,1816,L9,M,D
32.303281,-115.126136,039,037,5458,7064,2023-10-10,1816,L9,M,D
32.303286,-115.126454,039,037,5457,7064,2023-10-10,1816,L9,M,D
32.421046,-115.006951,039,037,5824,6622,2023-10-10,1816,L9,L,D
32.421046,-115.006951,039,038,6994,1312,2023-10-10,1816,L9,L,D
32.436845,-115.083495,039,038,6753,1258,2023-10-10,1816,L9,H,D
32.436845,-115.083495,039,037,5583,6568,2023-10-10,1816,L9,H,D
32.436874,-115.085408,039,037,5577,6568,2023-10-10,1816,L9,H,D
32.436874,-115.085408,039,038,6747,1258,2023-10-10,1816,L9,H,D
32.436879,-115.085727,039,038,6746,1258,2023-10-10,1816,L9,H,D
32.436879,-115.085727,039,037,5576,6568,2023-10-10,1816,L9,H,D
32.437111,-115.08317,039,038,6754,1257,2023-10-10,1816,L9,M,D
32.437111,-115.08317,039,037,5584,6567,2023-10-10,1816,L9,H,D
32.437116,-115.083489,039,037,5583,6567,2023-10-10,1816,L9,H,D
32.437116,-115.083489,039,038,6753,1257,2023-10-10,1816,L9,H,D
32.43714,-115.085084,039,038,6748,1257,2023-10-10,1816,L9,H,D
32.43714,-115.085084,039,037,5578,6567,2023-10-10,1816,L9,H,D
32.437145,-115.085403,039,038,6747,1257,2023-10-10,1816,L9,H,D
32.437145,-115.085403,039,037,5577,6567,2023-10-10,1816,L9,H,D
32.43715,-115.085722,039,038,6746,1257,2023-10-10,1816,L9,H,D
32.43715,-115.085722,039,037,5576,6567,2023-10-10,1816,L9,H,D
32.437415,-115.085397,039,038,6747,1256,2023-10-10,1816,L9,H,D
32.437415,-115.085397,039,037,5577,6566,2023-10-10,1816,L9,H,D
32.43742,-115.085716,039,038,6746,1256,2023-10-10,1816,L9,H,D
32.43742,-115.085716,039,037,5576,6566,2023-10-10,1816,L9,H,D
32.437686,-115.085391,039,037,5577,6565,2023-10-10,1816,L9,H,D
32.437691,-115.08571,039,038,6746,1255,2023-10-10,1816,L9,H,D
32.437691,-115.08571,039,037,5576,6565,2023-10-10,1816,L9,H,D
32.437922,-115.083153,039,038,6754,1254,2023-10-10,1816,L9,H,D
32.437922,-115.083153,039,037,5584,6564,2023-10-10,1816,L9,H,D
32.438193,-115.083147,039,038,6754,1253,2023-10-10,1816,L9,H,D
32.438193,-115.083147,039,037,5584,6563,2023-10-10,1816,L9,H,D
32.438198,-115.083466,039,038,6753,1253,2023-10-10,1816,L9,H,D
32.438198,-115.083466,039,037,5583,6563,2023-10-10,1816,L9,H,D
32.438463,-115.083141,039,037,5584,6562,2023-10-10,1816,L9,H,D
32.438463,-115.083141,039,038,6754,1252,2023-10-10,1816,L9,H,D
32.438468,-115.08346,039,038,6753,1252,2023-10-10,1816,L9,H,D
32.438468,-115.08346,039,037,5583,6562,2023-10-10,1816,L9,H,D
32.438734,-115.083136,039,037,5584,6561,2023-10-10,1816,L9,L,D
32.438739,-115.083455,039,037,5583,6561,2023-10-10,1816,L9,H,D
32.438739,-115.083455,039,038,6753,1251,2023-10-10,1816,L9,H,D
32.494549,-116.786417,039,038,1416,1098,2023-10-10,1816,L9,M,D
32.494549,-116.786417,039,037,246,6408,2023-10-10,1816,L9,M,D
32.507713,-115.455597,039,037,4413,6325,2023-10-10,1816,L9,H,D
32.507713,-115.455597,039,038,5583,1015,2023-10-10,1816,L9,H,D
32.507983,-115.455593,039,038,5583,1014,2023-10-10,1816,L9,L,D
32.507983,-115.455593,039,037,4413,6324,2023-10-10,1816,L9,L,D
32.509115,-115.43769,039,038,5639,1009,2023-10-10,1816,L9,H,D
32.509115,-115.43769,039,037,4469,6319,2023-10-10,1816,L9,H,D
32.509652,-115.437362,039,038,5640,1007,2023-10-10,1816,L9,L,D
32.509652,-115.437362,039,037,4470,6317,2023-10-10,1816,L9,L,D
32.513708,-115.352344,039,038,5906,988,2023-10-10,1816,L9,H,D
32.513708,-115.352344,039,037,4736,6298,2023-10-10,1816,L9,H,D
32.513713,-115.352664,039,038,5905,988,2023-10-10,1816,L9,H,D
32.513713,-115.352664,039,037,4735,6298,2023-10-10,1816,L9,H,D
32.513979,-115.352339,039,037,4736,6297,2023-10-10,1816,L9,M,D
32.523508,-116.573924,039,037,911,6299,2023-10-10,1816,L9,M,D
32.523508,-116.573924,039,038,2081,989,2023-10-10,1816,L9,M,D
32.530577,-116.33238,039,038,2837,959,2023-10-10,1816,L9,H,D
32.530577,-116.33238,039,037,1667,6269,2023-10-10,1816,L9,H,D
32.530578,-116.3327,039,037,1666,6269,2023-10-10,1816,L9,H,D
32.53981,-115.537466,039,038,5325,900,2023-10-10,1816,L9,L,D
32.53981,-115.537466,039,037,4155,6210,2023-10-10,1816,L9,L,D
32.539813,-115.537785,039,037,4154,6210,2023-10-10,1816,L9,H,D
32.539813,-115.537785,039,038,5324,900,2023-10-10,1816,L9,H,D
32.560869,-115.421777,039,037,4516,6127,2023-10-10,1816,L9,H,D
32.572661,-115.136849,039,037,5407,6069,2023-10-10,1816,L9,H,D
32.770642,-115.539147,039,037,4138,5357,2023-10-10,1816,L9,H,D
33.142646,-115.446497,039,037,4407,3978,2023-10-10,1816,L9,H,D
33.14265,-115.446819,039,037,4406,3978,2023-10-10,1816,L9,H,D
33.142909,-115.445849,039,037,4409,3977,2023-10-10,1816,L9,H,D
33.142913,-115.446171,039,037,4408,3977,2023-10-10,1816,L9,H,D
33.142917,-115.446492,039,037,4407,3977,2023-10-10,1816,L9,H,D
33.142921,-115.446814,039,037,4406,3977,2023-10-10,1816,L9,H,D
33.142925,-115.447135,039,037,4405,3977,2023-10-10,1816,L9,H,D
33.143179,-115.445844,039,037,4409,3976,2023-10-10,1816,L9,H,D
33.143183,-115.446166,039,037,4408,3976,2023-10-10,1816,L9,H,D
33.143187,-115.446487,039,037,4407,3976,2023-10-10,1816,L9,H,D
33.143191,-115.446809,039,037,4406,3976,2023-10-10,1816,L9,H,D
33.143195,-115.447131,039,037,4405,3976,2023-10-10,1816,L9,H,D
33.143454,-115.446161,039,037,4408,3975,2023-10-10,1816,L9,H,D
33.143458,-115.446483,039,037,4407,3975,2023-10-10,1816,L9,H,D
33.143462,-115.446804,039,037,4406,3975,2023-10-10,1816,L9,H,D
33.143466,-115.447126,039,037,4405,3975,2023-10-10,1816,L9,H,D
33.143724,-115.446156,039,037,4408,3974,2023-10-10,1816,L9,H,D
33.143728,-115.446478,039,037,4407,3974,2023-10-10,1816,L9,H,D
33.143732,-115.446799,039,037,4406,3974,2023-10-10,1816,L9,H,D
33.143736,-115.447121,039,037,4405,3974,2023-10-10,1816,L9,H,D
33.14374,-115.447443,039,037,4404,3974,2023-10-10,1816,L9,L,D
33.143995,-115.446152,039,037,4408,3973,2023-10-10,1816,L9,L,D
33.143999,-115.446473,039,037,4407,3973,2023-10-10,1816,L9,H,D
33.144003,-115.446795,039,037,4406,3973,2023-10-10,1816,L9,H,D
33.144007,-115.447116,039,037,4405,3973,2023-10-10,1816,L9,H,D
33.144011,-115.447438,039,037,4404,3973,2023-10-10,1816,L9,H,D
33.144273,-115.44679,039,037,4406,3972,2023-10-10,1816,L9,H,D
33.144277,-115.447111,039,037,4405,3972,2023-10-10,1816,L9,H,D
33.144281,-115.447433,039,037,4404,3972,2023-10-10,1816,L9,L,D
33.144544,-115.446785,039,037,4406,3971,2023-10-10,1816,L9,L,D
33.579616,-116.033156,039,037,2568,2385,2023-10-10,1816,L9,L,D
33.579619,-116.03348,039,037,2567,2385,2023-10-10,1816,L9,L,D
33.579621,-116.033803,039,037,2566,2385,2023-10-10,1816,L9,H,D
33.579884,-116.03283,039,037,2569,2384,2023-10-10,1816,L9,H,D
33.579887,-116.033153,039,037,2568,2384,2023-10-10,1816,L9,H,D
33.579889,-116.033477,039,037,2567,2384,2023-10-10,1816,L9,H,D
33.579892,-116.0338,039,037,2566,2384,2023-10-10,1816,L9,H,D
33.579897,-116.034446,039,037,2564,2384,2023-10-10,1816,L9,H,D
33.580155,-116.032827,039,037,2569,2383,2023-10-10,1816,L9,H,D
33.580157,-116.03315,039,037,2568,2383,2023-10-10,1816,L9,H,D
33.58016,-116.033474,039,037,2567,2383,2023-10-10,1816,L9,H,D
33.580162,-116.033797,039,037,2566,2383,2023-10-10,1816,L9,H,D